text,occurrence
realdonaldtrump,8589
trump,4762
be,4547
great,4287
will,4213
are,3141
with,2911
have,2734
thanks,2147
thank,2102
all,2038
president,1982
can,1915
was,1864
donald,1715
has,1695
what,1543
obama,1522
people,1510
do,1468
from,1427
america,1387
if,1380
but,1366
would,1352
who,1349
get,1315
no,1307
new,1287
about,1276
very,1261
like,1259
out,1211
make,1174
now,1166
one,1158
time,1157
country,1143
good,1121
should,1117
don,1100
more,1066
run,1066
up,1018
big,960
again,930
love,884
best,881
never,863
how,859
think,850
only,849
trump2016,846
today,841
vote,822
going,821
need,819
why,814
via,802
back,793
or,787
see,777
true,761
than,757
many,744
barackobama,741
there,724
show,715
him,713
hillary,711
really,704
much,688
tonight,685
over,682
go,674
mr,670
been,642
rt,641
last,635
their,621
them,616
job,607
work,602
know,600
must,598
watch,582
want,580
world,575
win,565
day,563
makeamericagreatagain,559
right,558
2016,554
night,547
amazing,547
being,541
bad,539
had,533
way,532
deal,531
china,529
please,523
even,519
interview,517
better,508
did,508
were,502
doing,499
jobs,498
obamacare,493
ever,492
man,489
keep,485
nice,484
american,483
first,481
golf,480
foxnews,480
news,475
said,475
apprentice,468
years,468
always,457
business,456
real,455
cont,455
clinton,454
foxandfriends,450
because,450
look,435
let,434
money,430
hope,430
after,428
celebapprentice,427
down,422
made,413
needs,413
course,409
apprenticenbc,409
take,408
got,408
won,408
cnn,405
most,404
well,404
say,404
next,401
into,399
looking,393
debate,390
national,387
poll,384
tomorrow,382
year,380
give,378
hard,377
happy,373
another,367
could,364
forward,363
media,363
done,361
too,359
ve,356
gop,343
stop,338
does,338
success,337
other,335
enjoy,333
some,332
record,329
believe,329
doesn,326
wow,324
election,322
any,320
then,319
every,319
nothing,319
mittromney,314
against,313
smart,310
where,308
nbc,307
everyone,307
house,307
campaign,306
speech,303
total,301
support,301
beautiful,300
live,298
agree,297
soon,297
guy,293
wait,291
which,291
here,288
its,287
morning,286
things,286
fantastic,284
state,283
come,278
season,277
congratulations,276
off,275
crooked,272
hotel,272
tax,271
long,271
celebrity,269
watching,267
office,267
such,266
getting,266
wonderful,265
two,265
usa,262
ratings,260
remember,259
before,259
yes,259
place,257
book,256
help,255
yesterday,253
cruz,253
join,253
miss,252
life,252
read,250
bush,248
also,248
states,247
republican,246
far,246
leader,246
entrepreneurs,244
sure,243
iowa,243
york,243
person,242
totally,242
change,242
still,242
week,241
top,241
donaldtrump,240
while,240
strong,238
put,236
making,235
running,234
iran,233
tower,232
republicans,231
sad,231
thing,230
own,229
americans,228
million,228
talk,227
economy,227
scotland,227
star,226
terrible,226
wants,226
ivankatrump,225
united,224
leadership,223
fox,223
tough,223
honor,222
working,218
says,216
luck,215
wrong,214
truth,209
washington,209
didn,208
family,208
bill,207
lot,205
white,205
crowd,204
story,204
discussing,203
under,203
yourself,203
polls,202
these,202
jeb,201
party,199
art,199
stay,198
since,197
lost,196
high,196
chicago,195
government,195
fast,195
without,194
start,194
awesome,193
florida,192
proud,192
both,191
bring,191
presidential,189
disaster,188
coming,188
once,187
major,186
together,185
times,184
military,184
fake,183
john,183
others,182
hear,182
border,182
anyone,181
those,181
use,181
someone,180
may,177
same,177
everything,177
something,176
care,176
pay,176
attack,175
friends,175
fight,175
democrats,175
called,175
history,175
debt,175
looks,174
isis,174
candidate,174
massive,174
yet,174
birthday,173
tell,172
building,172
leaders,170
during,170
failing,170
interesting,170
focus,169
city,169
women,168
winning,168
potus,168
energy,168
saying,167
rubio,167
knows,167
numbers,166
pm,166
greatest,166
old,166
truly,165
doral,165
call,165
russia,164
interviewed,163
open,163
respect,163
enough,162
iraq,161
already,161
north,160
security,160
save,160
megynkelly,159
meeting,159
ready,159
away,159
nation,158
stupid,157
oil,157
ted,157
special,157
trade,157
sunday,156
lead,156
talking,156
anything,156
problem,155
until,155
successful,155
home,155
seanhannity,154
club,154
gave,153
wind,153
celebrityapprentice,153
video,152
congrats,152
champion,152
illegal,152
told,152
fix,152
important,152
words,151
game,151
having,151
find,151
team,150
around,150
name,150
carolina,149
twitter,149
hit,149
nyc,149
south,149
mexico,148
play,148
worst,147
ago,147
order,147
political,146
isn,146
100,146
end,145
taxes,145
plan,145
friend,145
oreillyfactor,145
tv,144
failed,144
happen,144
immigration,144
fun,144
through,143
beat,142
wall,142
winner,142
else,141
little,139
point,139
press,139
become,138
god,138
macys,138
millions,138
makes,138
check,138
erictrump,137
problems,137
gets,137
wish,137
post,136
worse,135
class,135
chance,135
fired,135
mind,134
ties,134
hampshire,134
left,134
greta,134
speak,134
trumpdoral,133
ohio,132
mess,132
dishonest,132
buy,132
maga,131
weak,131
politicians,130
went,130
global,130
sign,130
nytimes,129
shows,128
loved,127
rally,127
learn,127
fan,127
build,127
fact,127
trying,127
spending,126
politics,126
hell,125
healthcare,125
dollars,125
used,125
bit,123
sir,123
j,122
international,122
losers,122
future,121
days,121
power,120
biggest,120
pres,120
actually,119
loser,119
monday,119
taking,119
thinking,119
full,118
congress,118
move,117
hate,117
control,116
event,116
cannot,116
spent,115
romney,115
race,115
badly,115
report,115
wonder,115
general,115
public,114
thought,114
voting,114
victory,114
favorite,114
speaking,113
dumb,113
warming,113
finally,113
economic,113
set,113
administration,113
war,113
incredible,113
macy,111
ly,111
free,111
follow,111
int,111
low,111
dems,111
absolutely,110
safe,110
close,110
senate,110
visit,109
ask,109
less,109
stand,109
seen,109
l,108
syria,108
tremendous,108
trumpchicago,107
donaldjtrumpjr,107
vegas,107
deals,107
touch,107
charity,106
watched,106
nobody,106
supporters,105
playing,105
haters,105
killing,105
mitt,104
timetogettough,104
continue,104
com,103
small,103
market,102
ebola,102
law,102
zero,102
korea,101
ny,101
thoughts,101
part,101
cut,101
excited,101
welcome,101
released,100
israel,100
veterans,100
saw,100
governor,100
weekend,99
reason,99
lightweight,99
senator,99
almost,99
statement,99
service,99
cuts,99
mark,98
huge,98
decision,98
convention,98
tweets,98
dc,97
glad,97
tune,97
giving,97
feel,97
loves,96
killed,96
wife,96
waste,96
primary,96
terrific,95
reagan,95
try,95
bernie,94
forget,94
foreign,94
policy,94
crazy,94
easy,94
2012,94
americafirst,94
men,94
budget,93
alexsalmond,93
sense,93
boring,93
tweet,93
turbines,93
turn,93
lies,93
virginia,92
article,92
magazine,92
saturday,92
past,92
melania,92
listen,92
given,92
miami,91
able,91
leaving,91
thx,91
create,90
instead,90
gretawire,90
act,90
results,90
hillaryclinton,90
gas,90
west,90
action,90
fair,90
blue,89
comes,89
young,89
abc,89
second,89
billmaher,89
advice,89
billion,89
worth,88
children,88
pennsylvania,88
air,88
evening,88
lots,88
choice,88
fire,88
letterman,87
came,87
case,87
correct,87
late,87
nfl,87
candidates,87
word,87
highest,86
immediately,86
played,86
failure,86
unemployment,86
losing,86
face,86
david,85
meet,85
father,85
protect,85
carson,85
system,85
countries,85
marco,85
heard,85
fighting,85
television,84
turnberry,84
episode,84
including,84
bought,84
lie,84
maybe,84
yankees,84
dead,84
n,83
idea,83
least,83
links,83
lives,83
trumpvlog,83
reading,83
eric,83
nuclear,83
lose,83
allowed,83
joke,83
16,82
pageant,82
brand,82
texas,82
conference,82
answer,82
universe,82
son,82
stock,82
credit,81
chris,81
tuesday,81
each,81
talent,81
voters,81
newsmax_media,81
line,81
phony,80
took,80
wins,80
ran,80
prices,80
started,80
mistake,80
horrible,80
voted,79
george,79
reality,79
view,79
heading,79
growth,79
rosie,79
laughing,78
minutes,78
mike,78
exciting,78
term,78
beach,78
middle,78
standing,78
trumpforpresident,78
march,78
repeal,78
complete,78
woman,77
votes,77
midas,77
beginning,77
piersmorgan,77
crime,77
longer,77
website,77
thousands,77
questions,77
v,76
dummy,76
15,76
draintheswamp,76
chinese,76
wouldn,76
christmas,76
few,76
las,76
five,76
views,75
pathetic,75
putin,75
ads,75
himself,75
runs,75
ahead,75
endorsement,74
understand,74
vets,74
continues,74
positive,74
sorry,74
rod,74
final,74
jebbush,74
luxury,74
justice,74
despite,74
inspiration,74
honored,73
karlrove,73
paid,73
release,73
highly,73
surprise,73
plans,73
ad,72
negative,72
knew,72
using,72
dannyzuker,72
friday,72
asked,72
send,72
movement,72
20,71
food,71
message,71
announcement,71
asking,71
question,71
force,71
starting,71
everybody,71
amnesty,71
hall,71
seeing,71
four,70
early,70
votetrump,70
dopey,70
elected,70
takes,70
bigger,70
rich,70
super,70
gone,70
lets,70
danscavino,70
cost,70
announced,70
passion,70
months,70
gives,70
18,69
number,69
reporting,69
missuniverse,69
college,69
records,69
center,69
award,69
interest,69
etc,69
dream,69
death,69
price,69
behind,69
destroy,69
3rd,69
families,69
breitbartnews,69
company,68
afraid,68
possible,68
dinner,68
leading,68
couldn,68
cast,68
presidency,68
common,68
estate,68
fbi,68
gov,68
poor,68
between,68
bless,68
wisconsin,68
list,68
benghazi,68
built,68
head,68
defense,68
et,67
ur,67
false,67
matter,67
november,67
arizona,67
rather,67
shirts,67
melaniatrump,67
monster,66
borders,66
courses,66
books,66
politician,66
announce,66
taken,66
billionaire,66
private,66
self,66
trump2016https,66
kasich,66
e,65
strength,65
hopefully,65
court,65
police,65
incompetent,65
confidence,65
ass,65
joe,65
experience,65
waiting,65
comments,64
raise,64
trust,64
kind,64
probably,64
player,64
africa,64
goes,64
pick,64
room,64
wanted,64
weiner,64
excellent,64
prez,64
2nd,64
enjoyed,64
hits,64
sold,64
omarosa,64
stated,63
al,63
freedom,63
whitehouse,63
leave,63
perhaps,63
opportunity,63
resort,63
increase,63
tom,63
host,63
billions,62
50,62
collection,62
companies,62
park,62
canada,62
street,62
signed,62
ideas,62
trumptowerny,62
1st,62
stories,62
honest,61
oh,61
wh,61
democrat,61
happened,61
rate,61
businessman,61
piece,61
school,61
along,61
establishment,61
ivanka,61
spectacular,61
definitely,61
replace,61
heart,61
respected,60
seriously,60
brilliant,60
tickets,60
cover,60
doubt,60
palm,60
mccain,60
sanders,60
imagine,60
tea,60
hours,60
wwe,60
calls,60
reform,59
perfect,59
boardroom,59
paul,59
defeat,59
role,59
serious,59
mar,59
genius,59
tweeting,59
health,59
biased,59
brandiglanville,59
wsj,59
aren,59
fans,59
offers,59
group,59
entrepreneur,58
fully,58
apologize,58
entire,58
bills,58
especially,58
bet,58
lago,58
met,58
calling,58
negotiation,58
sometimes,58
momentum,58
response,58
hi,57
teamtrump,57
month,57
opec,57
debates,57
rest,57
pass,57
terrorists,57
hey,57
michigan,57
level,57
allow,57
staff,57
trouble,57
appreciate,56
offer,56
players,56
bigleaguetruth,56
est,56
field,56
nevada,56
named,56
thinks,56
opening,56
ireland,56
hearing,56
terrorist,56
track,56
g,55
spend,55
alabama,55
returns,55
happening,55
sadly,55
focused,55
hosting,55
signature,55
turned,55
rigged,55
hotels,55
michael,55
mayor,55
morning_joe,55
chief,55
h,54
across,54
speaks,54
dollar,54
weeks,54
missed,54
trillion,54
2014,54
ridiculous,54
vision,54
aberdeen,54
front,54
whole,54
model,54
information,53
needed,53
anymore,53
finished,53
prayers,53
kelly,53
picture,53
career,53
fraud,53
higher,53
caught,53
sell,53
hero,53
policies,53
steve,53
joan,53
university,53
illegals,53
f,52
seems,52
raised,52
mcuban,52
whether,52
means,52
2013,52
tuned,52
icymi,52
cbs,52
paying,52
short,52
gun,52
agschneiderman,52
situation,52
cnbc,52
lied,52
cool,52
red,52
rnc,52
careful,52
fame,52
shot,52
thursday,52
starts,51
vp,51
mean,51
looked,51
funny,51
created,51
often,51
demand,51
talks,51
passed,51
gold,51
rove,51
except,51
california,51
reporter,50
ford,50
mention,50
oscars,50
former,50
conservative,50
trip,50
dangerous,50
key,50
three,50
succeed,50
cpac,50
expected,50
nflcommish,50
radical,50
either,50
daily,50
bringing,50
league,50
anthony,50
return,50
va,49
brought,49
discuss,49
realize,49
king,49
racist,49
desperate,49
mother,49
enemies,49
third,49
boston,49
easily,49
found,49
wasn,49
pro,49
barack,49
nymag,49
large,49
water,49
threat,49
financial,49
fall,49
side,49
hour,49
nations,49
geraldorivera,48
dropped,48
though,48
guess,48
telling,48
rated,48
available,48
deficit,48
county,48
todayshow,48
facebook,48
carter,48
imwithyou,48
project,48
secretary,48
anti,48
climate,48
crowds,48
based,48
sick,48
june,48
signing,48
wishes,48
attacks,47
worry,47
works,47
muslim,47
interests,47
unbelievable,47
chuck,47
received,47
lower,47
kids,47
brave,47
might,47
liberal,47
forbes,47
minister,47
politico,47
points,47
lucky,47
alone,47
indiana,47
beauty,47
mexican,47
program,47
25,46
vanityfair,46
libya,46
exactly,46
colorado,46
schneiderman,46
hands,46
agreed,46
sending,46
anncoulter,46
trumpscotland,46
bob,46
dnc,46
secret,46
outside,46
championship,46
prime,46
enemy,46
fail,46
courage,46
exclusive,46
majority,46
social,46
drudge_report,46
egypt,46
snowden,46
opinion,45
putting,45
quit,45
among,45
federal,45
guest,45
photo,45
born,45
workers,45
changed,45
winners,45
robert,45
james,45
due,45
themselves,45
jon,45
travel,45
straight,45
spirit,45
cute,45
handle,45
corrupt,45
fine,45
simple,45
nh,44
property,44
daughter,44
stopped,44
spoke,44
address,44
premiums,44
intelligence,44
afternoon,44
legal,44
ben,44
opportunities,44
manufacturing,44
executive,44
ugly,44
followers,44
mike_pence,44
trumpnewyork,44
dubai,44
myself,44
cause,44
facts,44
song,44
statements,44
trumpgolfla,43
5m,43
washingtonpost,43
uk,43
vs,43
anybody,43
solution,43
favor,43
single,43
expect,43
joan_rivers,43
east,43
angry,43
greatly,43
community,43
trumpsoho,43
gonna,43
hurricane,43
dying,43
central,43
attention,43
lyin,43
members,43
atlantic,43
hold,43
y,42
fool,42
trumplasvegas,42
historic,42
mine,42
drop,42
knowledge,42
tells,42
sugar,42
anyway,42
effort,42
trumptrain,42
keystone,42
destroying,42
rock,42
victims,42
rivers,42
rooms,42
clue,42
pushing,42
credibility,42
clean,42
helping,42
sent,42
shouldn,42
destroyed,42
bedminster,41
troops,41
popular,41
funding,41
whatever,41
unfair,41
shooting,41
write,41
stronger,41
gift,41
squawkcnbc,41
gopdebate,41
howard,41
immigrants,41
afghanistan,41
emails,41
issue,41
hair,41
tie,41
double,41
keeping,41
crookedhillary,41
endorsed,41
cares,41
nasty,41
fitn,41
progress,40
tried,40
stewart,40
arrived,40
latest,40
vince,40
keeps,40
thegarybusey,40
quickly,40
info,40
moving,40
inside,40
russian,40
tedcruz,40
rule,40
guys,40
powerful,40
amspec,40
treated,40
businesses,40
hand,40
wasting,40
grand,40
flotus,40
leezagibbons,40
fabulous,40
politically,40
amendment,40
claims,40
k,39
remain,39
stuff,39
hurt,39
reports,39
karl,39
bretbaier,39
approval,39
mikeandmike,39
consider,39
network,39
quote,39
kill,39
review,39
predicted,39
official,39
yours,39
notice,39
listening,39
2015,39
card,39
bankrupt,39
clear,39
stage,39
loss,39
happens,39
7pm,39
buying,39
january,39
warren,39
terrorism,39
soldiers,39
40,38
features,38
supporting,38
sc,38
georgia,38
drug,38
challenge,38
terror,38
gary,38
disgusting,38
saved,38
judge,38
town,38
dog,38
packed,38
lady,38
laws,38
investigation,38
anniversary,38
non,38
proven,38
half,38
lord,38
held,38
derek,38
decisions,38
toronto,38
9pm,38
living,38
flag,38
overrated,37
celebrate,37
scott,37
investment,37
enforcement,37
rights,37
rules,37
beyond,37
brady,37
committee,37
nbcnews,37
goals,37
holiday,37
brian,37
heroes,37
2017,37
unless,37
dem,37
autism,37
fed,37
missusa,37
sounds,37
ice,37
guns,37
insurance,37
professional,37
lincoln,37
newsmax,37
performance,37
san,37
eyes,37
ocean,37
somebody,37
broken,37
flights,37
restaurant,37
husband,37
board,37
msnbc,37
simply,37
17,36
voter,36
meetings,36
moron,36
islamic,36
potential,36
patriots,36
tour,36
rise,36
setting,36
written,36
summit,36
garbage,36
wear,36
senators,36
push,36
wise,36
agenda,36
negotiate,36
sue,36
later,36
seem,36
avenue,36
pence,36
following,36
quality,36
becoming,36
coast,35
treat,35
step,35
viewers,35
ap,35
scottish,35
tinyurl,35
light,35
games,35
football,35
leads,35
events,35
killer,35
according,35
online,35
ban,35
kenyamoore,35
worked,35
presidents,35
black,35
charge,35
plus,35
ceiling,35
construction,35
organization,35
mistakes,35
cold,35
recovery,35
vacation,35
4th,35
currency,35
elect,35
location,35
andrew,35
reported,34
unlike,34
admit,34
europe,34
planning,34
died,34
em,34
la,34
13th,34
style,34
different,34
ones,34
tired,34
dope,34
deserves,34
pretty,34
lord_sugar,34
shame,34
wealth,34
path,34
haven,34
birth,34
rating,34
dad,34
geraldo,34
louisiana,34
advantage,34
hosted,34
secure,34
rid,34
trumps,34
scandal,34
wednesday,34
issues,34
difference,34
supreme,34
churchill,34
puerto,34
speeches,34
ronald,34
current,34
graham,34
q,33
became,33
creating,33
crisis,33
sleep,33
serve,33
boss,33
attacking,33
standard,33
chucktodd,33
reporters,33
purchase,33
rico,33
saudi,33
charlotte,33
strange,33
folks,33
premiere,33
cant,33
pleasure,33
apple,33
foundation,33
grow,33
places,33
recent,33
guts,33
coverage,33
espn,33
independent,33
innocent,33
reviews,33
tbt,33
staying,33
www,33
safety,33
rebuild,33
howardstern,33
medicare,33
disgrace,33
trumpturnberry,32
fl,32
im,32
ok,32
un,32
largest,32
earth,32
crippled,32
prepared,32
loyal,32
comey,32
costs,32
promise,32
wallace,32
boycott,32
defend,32
ericbolling,32
awards,32
lying,32
dallas,32
wake,32
einstein,32
nomination,32
mac,32
brother,32
liar,32
solve,32
core,32
per,32
snl,32
spa,32
krauthammer,32
upcoming,32
weapons,32
green,32
african,32
reilly,32
smarter,32
appearance,32
trumpwaikiki,32
episodes,32
irrelevant,32
editorial,32
danny,32
owner,32
spot,32
coach,31
dt,31
ability,31
st,31
magnificent,31
spitzer,31
surprised,31
kate,31
moment,31
sales,31
fortune,31
silent,31
page,31
weakness,31
cnnpolitics,31
goal,31
ceo,31
impact,31
known,31
near,31
harder,31
pacific,31
thanksgiving,31
graydon,31
puts,31
albert,31
trumptoronto,31
negotiating,31
cuban,31
admire,31
winston,31
ashamed,31
poorly,31
involved,31
buildings,31
buffalo,31
damn,31
elite,31
enthusiasm,31
hole,31
increased,31
lobbyists,31
attitude,30
thomas,30
showing,30
24,30
35,30
60,30
fiscal,30
radio,30
henry,30
demdebate,30
certain,30
council,30
delegates,30
sanctions,30
deliver,30
clearly,30
behalf,30
officers,30
refuses,30
risk,30
brotherhood,30
ground,30
kerry,30
loving,30
liberty,30
couple,30
traceadkins,30
djt,30
personally,30
walk,30
blame,30
letter,30
elizabeth,30
polling,30
pressure,30
attacked,30
doonbeg,30
mails,30
finest,30
hawaii,30
contract,30
showed,30
local,30
stopping,30
motivation,30
whose,30
fear,30
recently,30
reasons,30
tahmooressi,30
storm,30
apology,30
enter,29
ferry,29
matt,29
completely,29
study,29
huffingtonpost,29
faith,29
nj,29
concerning,29
visiting,29
hello,29
judgement,29
paris,29
miller,29
visited,29
breaking,29
competition,29
certificate,29
jealous,29
expensive,29
campaigning,29
likes,29
industry,29
skills,29
changing,29
thehill,29
msvivicafox,29
officially,29
gotten,29
brings,29
phoenix,29
kenya,29
wasted,29
design,29
greater,29
bankruptcy,29
road,29
rose,29
japan,29
arabia,29
attorney,29
april,29
beating,29
concerned,29
example,29
merry,29
cadillacchamp,29
msm,29
peace,29
laugh,29
direction,29
requires,29
raising,29
prove,29
sound,29
shut,29
plane,29
penalty,29
tiger,29
battle,29
interviews,29
fundanything,28
driving,28
nypost,28
form,28
kevinjonas,28
cities,28
bird,28
responsible,28
u25yi5t7e8,28
stayed,28
marine,28
pennjillette,28
sucks,28
france,28
possibly,28
apart,28
values,28
forced,28
marklevinshow,28
penn,28
tennessee,28
walker,28
wishing,28
education,28
piers,28
memorial,28
lowest,28
deserve,28
present,28
pols,28
lol,28
cutting,28
jack,28
promised,28
wild,28
legend,28
inspiring,28
ally,28
officials,28
andy,28
trumppence16,28
incompetence,28
pervert,28
cbsnews,28
nydailynews,28
citizens,28
finale,28
commander,28
supports,28
voice,28
talented,28
youtube,28
caucus,28
excuse,28
moscow,28
democratic,27
accept,27
access,27
vpdebate,27
rising,27
condolences,27
kick,27
oval,27
diamond,27
share,27
witch,27
forever,27
pastor,27
skyline,27
explain,27
foxbusiness,27
boy,27
protecting,27
marcorubio,27
land,27
goofy,27
drive,27
roberts,27
sternshow,27
prior,27
jeff,27
nominee,27
round,27
instincts,27
hasn,27
donors,27
necessary,27
learned,27
original,27
nights,27
remarks,27
july,27
falling,27
lawsuit,27
trial,26
dr,26
paper,26
dont,26
franklin,26
rallies,26
blew,26
blow,26
allowing,26
begins,26
series,26
caused,26
greatness,26
buffalobills,26
schedule,26
dumbest,26
trumpferrypoint,26
email,26
strongly,26
busy,26
refused,26
jeter,26
pays,26
absolute,26
answers,26
macmiller,26
age,26
megyn,26
cash,26
stands,26
effective,26
fools,26
meetthepress,26
appreciated,26
led,26
honestly,26
coal,26
larry,26
sec,26
sen,26
australia,26
famous,26
patriot,26
masterpiece,26
scam,26
strategy,26
joenbc,26
anthem,26
area,26
hitting,26
copies,26
selling,26
parents,26
firing,26
jeffrey,26
hannity,26
30pm,26
increases,26
scared,26
baby,25
base,25
hunt,25
scary,25
negotiations,25
syrian,25
supported,25
turning,25
movie,25
timing,25
golden,25
test,25
liked,25
gain,25
rand,25
annual,25
wrote,25
constantly,25
september,25
wrestlemania,25
represent,25
navy,25
danamira,25
begin,25
weather,25
honesty,25
die,25
kaine,25
lawyer,25
vancouver,25
considered,25
restore,25
reuters,25
sector,25
throughout,25
ryan,25
danger,25
netanyahu,25
planet,25
position,25
helped,25
pinehurst,25
sgt,25
ten,25
gorgeous,25
stars,25
ricksantorum,25
spring,25
usual,25
audience,25
yrs,25
speaker,25
choose,25
clown,25
8pm,25
child,25
process,25
itself,25
register,25
result,24
worried,24
planned,24
contest,24
ms,24
elections,24
praying,24
collusion,24
nbcsnl,24
debates2016,24
rebels,24
product,24
above,24
late_show,24
receive,24
phone,24
personal,24
ballot,24
pipeline,24
empire,24
weekly,24
union,24
taxpayers,24
twice,24
featuring,24
jimmyfallon,24
sandy,24
legendary,24
consumer,24
ceremony,24
sarahpalinusa,24
dining,24
girl,24
vincemcmahon,24
designed,24
groups,24
prison,24
department,24
ianziering,24
2011,24
writer,24
armstrong,24
bay,24
protection,24
kentucky,24
further,24
lack,24
october,24
impossible,24
impressive,24
christian,24
jim,24
criminals,24
writing,24
modern,24
lance,24
efforts,24
pga,24
lawrence,24
defund,24
iconic,24
contestants,24
banks,24
inspired,24
hundreds,24
army,24
luther,24
certainly,24
wayne,24
added,24
fema,24
theapprentice,24
wisdom,24
summer,24
critical,23
22,23
cpacnews,23
thebrodyfile,23
ed,23
jacknicklaus,23
provide,23
india,23
kept,23
harvey,23
hagel,23
iranian,23
hispanics,23
manager,23
island,23
shape,23
wharton,23
ripping,23
changes,23
hispanic,23
entertaining,23
director,23
excitement,23
luxurious,23
trumpcollection,23
healthy,23
dealing,23
bin,23
laden,23
cia,23
cancer,23
plenty,23
kevin,23
shoot,23
windmills,23
turns,23
welfare,23
doralresort,23
hbo,23
amenities,23
solid,23
pray,23
opens,23
baseball,23
nro,23
rep,23
tip,23
stunning,23
dmregister,23
vietnam,23
keynote,23
sided,23
accomplished,23
arseniohall,23
enjoying,23
5th,23
comment,23
site,23
smartest,23
guilty,23
train,23
begging,23
amount,23
0,22
average,22
ball,22
bank,22
inspire,22
10pm,22
screen,22
addition,22
gt,22
pa,22
ya,22
fred,22
barbarajwalters,22
joining,22
sources,22
believes,22
classy,22
douglas,22
canadian,22
interested,22
publicity,22
finish,22
respond,22
benefit,22
kyleraccio,22
univision,22
gang,22
achievers,22
break,22
hates,22
everyday,22
forces,22
iacaucus,22
kicked,22
landed,22
landslide,22
traitor,22
hollywood,22
ego,22
gdp,22
continued,22
delivered,22
lake,22
hot,22
responders,22
ticket,22
dennisrodman,22
clip,22
freezing,22
promises,22
noon,22
copy,22
ppl,22
schumer,22
rolling,22
awarded,22
impressed,22
sit,22
missing,22
filed,22
tpp,22
opposite,22
ultimate,22
embarrassed,22
rapidly,22
van,22
arab,22
tmobile,22
citizen,22
considering,22
destruction,22
toure,22
catch,22
heads,22
soft,22
conflict,22
windfarm,22
hired,22
aberdeenshire,22
journal,21
liljon,21
hoping,21
allies,21
70,21
matters,21
ag,21
prosperity,21
lt,21
intelligent,21
infrastructure,21
protesters,21
lifetime,21
jimmy,21
quick,21
restaurants,21
lombardi,21
sweepstweet,21
leverage,21
icon,21
jersey,21
tigerwoods,21
returned,21
count,21
tougher,21
stamina,21
tampa,21
rink,21
ring,21
bloomberg,21
employees,21
anywhere,21
bid,21
natural,21
donlemon,21
labor,21
yeah,21
atrium,21
candidacy,21
criminal,21
sentedcruz,21
alive,21
networks,21
legislation,21
acres,21
solutions,21
jail,21
holding,21
corruption,21
saving,21
tim,21
drugs,21
supertuesday,21
ariannahuff,21
lunch,21
dreams,21
decide,21
wwehof,21
picked,21
seth,21
stern,21
capital,21
pundits,21
achievement,21
opponents,21
date,21
60minutes,21
owned,21
expanding,21
victorious,21
exclusively,21
19,20
21,20
46,20
51,20
suit,20
bs,20
outstanding,20
morgan,20
nc,20
sports,20
yr,20
williams,20
larger,20
decades,20
russians,20
refuse,20
losses,20
cadillac,20
account,20
tank,20
cancelled,20
towers,20
southern,20
cleveland,20
patient,20
growing,20
idol,20
newspaper,20
lines,20
sharp,20
receiving,20
committed,20
mobile,20
apologized,20
jerry,20
armed,20
nowhere,20
thrilled,20
foxnewsinsider,20
rick,20
frankluntz,20
innovation,20
closing,20
scavino45,20
2008,20
birds,20
aid,20
mitch,20
phil,20
roger,20
car,20
roll,20
con,20
govt,20
trump16,20
dailycaller,20
relationship,20
sarasota,20
bosses,20
commercial,20
ways,20
master,20
ill,20
epic,20
teamcavuto,20
furious,20
grateful,20
dirty,20
ineffective,20
wanna,20
renovations,20
taliban,20
gotta,20
willing,20
owe,20
achieve,20
windfarms,20
request,20
percent,20
nafta,20
baltimore,20
passing,20
investments,20
returning,20
desperately,20
accomplish,20
easter,20
afford,20
clock,20
projects,20
8th,20
fixed,20
celebrities,20
fellow,20
character,20
donate,20
herself,20
fackinpeter,19
23,19
opened,19
effect,19
ca,19
jr,19
xi,19
teams,19
challenges,19
properly,19
income,19
everywhere,19
parts,19
stupidity,19
doctor,19
fund,19
germany,19
downtown,19
biden,19
tcot,19
immigrant,19
figure,19
owes,19
bret,19
ignore,19
qualified,19
admitted,19
regulations,19
channel,19
hacking,19
resign,19
difficult,19
pianobecca,19
unable,19
regarding,19
sleepy,19
shirt,19
levels,19
trumppanama,19
endorse,19
pete,19
benjamin,19
mattginellagc,19
bar,19
shots,19
dan,19
treatment,19
fakenews,19
evidence,19
alert,19
extremely,19
hypocrite,19
value,19
jay,19
tenacious,19
cross,19
overseas,19
becomes,19
celeb,19
nov,19
inspirational,19
amazon,19
details,19
period,19
johnlegere,19
qvc,19
imagination,19
rev,19
generation,19
inaccurate,19
responsibility,19
foolish,19
spy,19
cliff,19
200,19
chairman,19
500,19
bahia6085,19
joint,19
flgovscott,19
oprah,19
ship,19
shop,19
jones,19
hire,19
match,19
cards,19
not_that_actor,19
stick,19
segment,19
unemployed,19
jennifer75ar,19
oann,19
eliot,19
primaries,19
trail,19
cahlrstorrie,19
firm,19
christie,19
deep,19
doctors,19
foxnewssunday,19
holidays,18
nashville,18
classic,18
iq,18
bridge,18
trump_charlotte,18
moines,18
british,18
14th,18
wearing,18
approved,18
deserved,18
farms,18
negotiators,18
sexual,18
fatal,18
violence,18
negotiator,18
donations,18
score,18
vice,18
damage,18
spread,18
towards,18
obvious,18
ronmeier123,18
properties,18
architect,18
rates,18
comeback,18
gala,18
brain,18
deficits,18
indeed,18
directly,18
individual,18
human,18
upset,18
nonsense,18
beats,18
tool,18
divided,18
defeated,18
2000,18
covered,18
camp,18
nato,18
underestimate,18
closely,18
norman,18
thisweekabc,18
shown,18
washtimes,18
des,18
jonahnro,18
ingrahamangle,18
fought,18
bombed,18
counting,18
mcconnell,18
hat,18
cher,18
listened,18
arnold,18
pushed,18
orders,18
backontrackusa,18
london,18
nat,18
optimism,18
decided,18
students,18
nra,18
hardball_chris,18
pride,18
rip,18
compared,18
corporate,18
illegally,18
olympic,18
iontv,18
august,18
flashback,18
winter,18
idiots,18
400,18
newtgingrich,18
feeling,18
sean,18
names,18
compliment,18
puppet,18
gstephanopoulos,18
judgejeanine,18
plays,18
spends,18
defending,18
slow,18
usmc,18
passionate,18
destination,18
conversation,18
classified,18
bobby,18
focusing,18
capable,18
stood,18
stone,18
1000,17
38,17
90,17
fails,17
theviewtv,17
clueless,17
ft,17
talked,17
refugees,17
charges,17
loses,17
quite,17
promote,17
toward,17
supporter,17
celebrating,17
ewerickson,17
learning,17
blog,17
options,17
landmark,17
ralph,17
dump,17
mouth,17
bowl,17
cabinet,17
controlled,17
legacy,17
insight,17
thru,17
knight,17
tragedy,17
till,17
charities,17
bretmichaels,17
harry,17
lived,17
orlando,17
wedding,17
2010,17
within,17
add,17
aol,17
broke,17
emmys,17
finance,17
shock,17
forgotten,17
houston,17
weren,17
disrespect,17
applications,17
00pm,17
oklahoma,17
realbencarson,17
source,17
develop,17
fixing,17
invest,17
ac360,17
barbara,17
pure,17
announces,17
stevekingia,17
mission,17
sun,17
survive,17
subject,17
environment,17
3pm,17
commentary,17
approve,17
asia,17
acting,17
farm,17
virtually,17
donnell,17
michelle,17
davidaxelrod,17
jaketapper,17
december,17
hill,17
charlottesville,17
scandals,17
felt,17
data,17
embassy,17
actions,17
disappointed,17
hoax,17
joined,17
lessons,17
27,16
45,16
mary,16
trumpgolfdc,16
sanctuary,16
insane,16
openly,16
sued,16
bc,16
hospital,16
bobvanderplaats,16
limbaugh,16
guard,16
20000,16
philippines,16
horrendous,16
antbaxter,16
lindsey,16
belllabooo13,16
research,16
ending,16
boeing,16
protest,16
member,16
christians,16
abraham,16
bomb,16
dennis,16
services,16
gatewaypundit,16
reckless,16
seven,16
arena,16
dropping,16
disloyal,16
lindseygrahamsc,16
podesta,16
shark,16
leaks,16
photos,16
courts,16
advertising,16
completed,16
releasing,16
philadelphia,16
agreement,16
charles,16
deleted,16
combined,16
compete,16
susteren,16
drudge,16
taste,16
evangelicals,16
cancel,16
rooting,16
worker,16
picks,16
michaelcohen212,16
likely,16
gma,16
murder,16
kansas,16
pope,16
stephenbaldwin7,16
jan,16
adam,16
civil,16
tournament,16
fifth,16
beaten,16
proper,16
crude,16
otherwise,16
frank,16
iphone,16
pressjournal,16
maine,16
gifts,16
benefits,16
target,16
six,16
sale,16
intheelections,16
repealed,16
turnberrybuzz,16
vet,16
representing,16
wgc,16
heat,16
numerous,16
disgraceful,16
asap,16
steal,16
golfchannel,16
housing,16
champions,16
prepare,16
size,16
combination,16
server,16
fees,16
circulation,16
reince,16
perry,16
cuomo,16
barrel,16
gitmo,16
qaeda,16
mentioned,16
river,16
palos,15
08,15
49,15
martin,15
featured,15
bergdahl,15
discussed,15
erictrumpfdn,15
marines,15
veteran,15
fragrance,15
door,15
suffering,15
include,15
failures,15
commissioner,15
govchristie,15
flight,15
hacked,15
conservatives,15
vattenfallgroup,15
championships,15
duty,15
fundraiser,15
convinced,15
borntobegop,15
fault,15
fallen,15
training,15
agrees,15
wanting,15
electric,15
various,15
authority,15
documentary,15
suits,15
westchester,15
unionleader,15
fronts,15
headed,15
competitor,15
connecticut,15
sarah,15
clowns,15
retweet,15
spoken,15
roads,15
fundraising,15
letters,15
flying,15
fireworks,15
johnson,15
earned,15
letting,15
development,15
injured,15
bryant,15
complaining,15
machine,15
lawyers,15
mississippi,15
drain,15
anger,15
counts,15
gallon,15
generals,15
stamps,15
delivering,15
disney,15
dec,15
bronx,15
disagree,15
tribute,15
exceptional,15
jackson,15
awful,15
forum,15
neil,15
sharing,15
dress,15
square,15
rush,15
airport,15
frankcaliendo,15
difficulties,15
detroit,15
launch,15
coincidence,15
sharpton,15
wright,15
net,15
maher,15
wide,15
none,15
edison,15
par,15
vicious,15
idiot,15
morningmika,15
therefore,15
hiring,15
asktrump,15
alex,15
verdes,15
missile,15
trumptuesday,15
loan,15
paulryanvp,15
mboyle1,15
feels,15
remains,15
seek,15
proof,15
located,15
nominated,15
scottwalker,15
shit,15
fiorina,15
informed,15
assets,15
plain,15
violent,15
wounded,15
importantly,15
9th,15
papers,15
fell,15
music,15
pouring,15
airports,15
nearly,15
management,15
patton,15
excellence,15
utah,15
oscar,15
manhattan,15
unfortunately,15
peter,15
jury,15
space,15
therealmarilu,15
profit,15
dear,15
inducted,15
stole,15
brutal,15
stephenfhayes,14
status,14
mail,14
threats,14
hiding,14
28,14
1m,14
31,14
36,14
39,14
2a,14
72,14
stuck,14
panel,14
de,14
language,14
ia,14
teach,14
purpose,14
earlier,14
kennedy,14
checks,14
straighten,14
products,14
rapids,14
fairly,14
knowingly,14
minute,14
accepted,14
sport,14
bias,14
destiny,14
rushlimbaugh,14
praise,14
direct,14
commercials,14
morons,14
loudobbs,14
contributions,14
libertyu,14
attending,14
lately,14
trump_ireland,14
serta,14
tape,14
ranked,14
trumpwinery,14
leaves,14
resources,14
swing,14
begged,14
wiener,14
ours,14
congressional,14
nikkio,14
understands,14
100000,14
table,14
angeles,14
unique,14
factor,14
manipulation,14
closer,14
screw,14
suing,14
carbon,14
tourism,14
stuart,14
thefamilyleader,14
mandela,14
jurciuoli19,14
pqpfvm,14
hillarysusans,14
johnrich,14
eagles,14
crash,14
knowing,14
olympics,14
departing,14
venue,14
expand,14
checking,14
exist,14
johnny,14
currently,14
abe,14
app,14
choices,14
handled,14
begun,14
roof,14
huffington,14
knock,14
solyndra,14
forq2,14
fly,14
registered,14
harbor,14
ends,14
hurting,14
superbowl,14
jack_welch,14
crown,14
kid,14
announcing,14
owners,14
throw,14
los,14
mad,14
holes,14
mlb,14
israelipm,14
cable,14
pearl,14
code,14
frack,14
abandoned,14
wine,14
evil,14
pls,14
plz,14
pre,14
turbine,14
neither,14
illinois,14
answered,14
thugs,14
delay,14
jobless,14
fresh,14
amen,14
refreshing,14
block,14
transparency,14
bullshit,14
votetrump2016,14
nypd,14
england,14
beaumontanthony,14
plant,14
however,14
hide,14
reach,14
balanced,14
cheap,14
upon,14
integrity,14
trump4prez,14
panama,14
flags,14
uses,14
carly,14
nelson,14
snow,14
shutdown,14
soho,14
sotu,14
ruining,14
dept,14
cincinnati,14
besides,13
creative,13
demands,13
main,13
33,13
nominate,13
6t,13
mate,13
stephen,13
tries,13
cspan,13
el,13
ex,13
previous,13
therealkiyosaki,13
masters,13
jewish,13
shortly,13
deductibles,13
confident,13
homeland,13
16th,13
moore,13
goangelo,13
stjude,13
premium,13
ashley,13
ukraine,13
delayed,13
muslims,13
theblaze,13
stadium,13
johnboehner,13
macleod,13
inauguration,13
missouri,13
patience,13
bold,13
usatoday,13
3kwol2ibaw,13
boys,13
suffer,13
abuse,13
andersoncooper,13
express,13
suites,13
magahttps,13
golfer,13
lobbyist,13
inflation,13
rescue,13
filming,13
exact,13
ruined,13
possibilities,13
electoral,13
stubborn,13
forgot,13
realgilbert,13
communities,13
teacher,13
negate,13
todd,13
ride,13
tops,13
steven,13
golfmagazine,13
fundraisers,13
girlfriend,13
insightful,13
additional,13
taxpayer,13
cars,13
ovation,13
facing,13
finances,13
box,13
cbo,13
brandi,13
fit,13
native,13
trumpadvice,13
wages,13
editor,13
vanity,13
hrc,13
strike,13
church,13
macarthur,13
plateau,13
kim,13
intact,13
mediaite,13
mrs,13
billygraham,13
ocare,13
blind,13
pull,13
tweeted,13
meyers,13
enthusiastic,13
funeral,13
jenniferjjacobs,13
brains,13
poverty,13
maryland,13
february,13
tee,13
casting,13
markets,13
eastern,13
loud,13
stolen,13
corker,13
newly,13
jayleno,13
sees,13
judges,13
defends,13
jonhuntsman,13
ironic,13
steel,13
resolution,13
pledge,13
settle,13
shawnjohnson,13
nukes,13
srqrepublicans,13
senior,13
brothers,13
realpro4real,13
rises,13
stimulus,13
girls,13
investing,13
representatives,13
judd,13
jump,13
heavy,13
film,13
fence,13
maathewdavis,13
mentor,13
thrown,13
breitbart,13
bright,12
buyer,12
trending,12
1b,12
41,12
80,12
soldier,12
zimmerman,12
version,12
kilmeade,12
kidding,12
sitting,12
pr,12
citizens_united,12
sr,12
th,12
scale,12
ferguson,12
appearing,12
weapon,12
okay,12
lesson,12
bear,12
embarrassment,12
filled,12
vast,12
investor,12
medical,12
glennbeck,12
sends,12
sweet,12
myrtle,12
delivers,12
competitive,12
celebration,12
ruling,12
winery,12
judgment,12
recognize,12
heritage,12
task,12
moves,12
accurate,12
margin,12
boom,12
criticized,12
reduce,12
blackdog,12
ailes,12
rodmonium91,12
pocahontas,12
agent,12
unfairly,12
limit,12
closed,12
youth,12
unity,12
attend,12
diamondandsilk,12
tiny,12
personable,12
tiffany,12
explains,12
kellyannepolls,12
captain,12
affordable,12
extreme,12
society,12
schools,12
thats,12
hated,12
industrial,12
entertainment,12
constitution,12
appeal,12
experts,12
tony,12
critics,12
recover,12
settled,12
amounts,12
meltdown,12
sixteenchicago,12
typical,12
fiasco,12
pulling,12
masterbaxter8,12
broadcast,12
ambassador,12
aaa,12
breeds,12
embrace,12
amy,12
calm,12
yard,12
unsustainable,12
20th,12
someday,12
lovely,12
drama,12
clintons,12
eve,12
markhalperin,12
pleased,12
fallontonight,12
faster,12
renovation,12
ethic,12
goods,12
warm,12
fitsnews,12
asshole,12
harvard,12
irs,12
production,12
acts,12
jet,12
russell,12
lee,12
fashion,12
relief,12
mom,12
mattress,12
continuing,12
dnorrell,12
consequences,12
palmer,12
pac,12
pic,12
respects,12
writers,12
ray,12
crap,12
delusional,12
grade,12
sat,12
proves,12
sky,12
hack,12
kimguilfoyle,12
donation,12
taxreform,12
nicklaus,12
300,12
usc,12
landing,12
preparing,12
sides,12
explaining,12
rebuilding,12
chair,12
facethenation,12
religious,12
phenomenal,12
800,12
6pm,12
incorrect,12
jose,12
background,12
thankyoutour2016,12
granted,12
patrol,12
selection,12
smarts,12
carry,12
attended,12
regime,12
dark,12
rncincle,12
autismspeaks,12
flexible,12
trace,12
jupiter,12
exchange,12
collapse,12
likewise,12
store,12
carrier,12
spreading,11
10pme,11
congressman,11
attempt,11
coalition,11
fraudulent,11
hannityshow,11
42,11
admin,11
platform,11
quarterback,11
11am,11
blowing,11
fold,11
xl,11
decisive,11
monstrosity,11
vigilant,11
advance,11
hypocrites,11
topics,11
dcfoodsafety,11
mets,11
pelosi,11
icahn,11
customers,11
helps,11
setbacks,11
threatening,11
collar,11
mattis,11
gains,11
sleazebag,11
improve,11
district,11
zone,11
funded,11
partnership,11
recommend,11
realsquezz,11
presents,11
chosen,11
dedication,11
headline,11
cufflinks,11
mornings,11
club4growth,11
crimes,11
deserter,11
moved,11
incapable,11
dummies,11
racial,11
trumpgolf,11
guide,11
fallon,11
concert,11
trumpvine,11
areas,11
stealing,11
devastated,11
gates,11
shake,11
kateplusmy8,11
journalists,11
prediction,11
determination,11
costly,11
unite,11
buys,11
tips,11
rollout,11
flashbackfriday,11
quotes,11
whenever,11
miles,11
unwatchable,11
lisarinna,11
expert,11
buzzfeed,11
minds,11
intel,11
roast,11
jessebwatters,11
_katherinewebb,11
trumptower,11
developments,11
hurricaneharvey,11
remembrance,11
potomac,11
2004,11
writes,11
savvy,11
disastrous,11
ann,11
edition,11
ave,11
bbc,11
transcripts,11
biz,11
discovery,11
trump4president,11
honoring,11
bus,11
prisoners,11
aware,11
ross,11
cry,11
element,11
cup,11
statesman,11
publicly,11
liberals,11
silence,11
islam,11
tragic,11
easier,11
catastrophe,11
doubled,11
confirmed,11
33000,11
arrested,11
pictures,11
nick,11
ruth,11
surveillance,11
citizenship,11
catholic,11
lifted,11
underway,11
roosevelt,11
cycle,11
backs,11
accomplishments,11
atlanta,11
jackshallis,11
ideal,11
academy,11
detail,11
korean,11
models,11
nsa,11
ncgop,11
omg,11
cents,11
lift,11
journalist,11
phones,11
rouge,11
wikileaks,11
mailonline,11
stevens,11
manchester,11
thefive,11
causing,11
sam,11
obviously,11
balls,11
environmental,11
offering,11
25k,11
tzu,11
measured,11
acquisition,11
passport,11
revealed,11
warned,11
stamp,11
motivated,11
springs,11
wig,11
seat,11
justinrose99,11
lights,11
basis,11
bases,11
carnegie,11
fate,11
unit,11
signs,11
forbesinspector,11
baton,11
decent,11
backed,11
loans,11
endorses,11
leaked,11
advisor,11
served,11
entrepreneurship,11
timkaine,11
internet,11
riots,11
aliens,11
positions,11
slot,11
hatred,11
awareness,11
columbia,11
assad,11
latoyajackson,11
endorsing,11
theview,11
britain,11
file,11
fill,11
tactics,11
reputation,11
commitment,11
spin,11
buffett,11
assault,11
delaying,11
deck,11
gruber,11
stops,11
pretend,10
blasts,10
actual,10
assume,10
dunes,10
revenue,10
32,10
releases,10
43,10
mass,10
98,10
joseph,10
11pm,10
deaths,10
az,10
cc,10
fort,10
hq,10
student,10
mogul,10
12pm,10
_snurk,10
opponent,10
runner,10
kraft,10
shopping,10
parties,10
sexting,10
nbcnightlynews,10
contact,10
vaccine,10
onto,10
realized,10
produce,10
floor,10
dcexaminer,10
punta,10
herald,10
slams,10
inept,10
stuartpstevens,10
nyjets,10
drew,10
superior,10
sister,10
twain,10
funds,10
diligence,10
negotiated,10
reception,10
perspective,10
bottom,10
body,10
overlooking,10
golfdigestmag,10
jonathan,10
treating,10
parade,10
streets,10
perseverance,10
commission,10
concept,10
ailsa,10
redcross,10
bdean1468,10
shootings,10
tens,10
cheating,10
opposed,10
basketball,10
ignoring,10
newspapers,10
developing,10
option,10
turmoil,10
terms,10
forcing,10
bull,10
combat,10
bust,10
viciously,10
reveals,10
sooner,10
belong,10
opinions,10
shawn,10
vital,10
privilege,10
replacement,10
gumbel,10
mubarak,10
puppets,10
reno,10
influence,10
excuses,10
truthful,10
joebiden,10
petraeus,10
aired,10
limited,10
balancing,10
anthonyweiner,10
chris_r_2014,10
ralphreed,10
merely,10
aberdeencc,10
prince,10
medal,10
breaks,10
ships,10
literally,10
edge,10
treasury,10
treasure,10
hurts,10
ryanbushby,10
invitational,10
200m,10
espngreeny,10
prefer,10
wiprimary,10
heartbeat,10
megan,10
column,10
stance,10
normal,10
chances,10
covering,10
walked,10
hilary,10
representative,10
sessions,10
arianna,10
jordan,10
quarter,10
balance,10
dow,10
apply,10
drake4444444,10
below,10
airing,10
borrowing,10
eye,10
crucial,10
covers,10
rocked,10
purposely,10
gut,10
lynch,10
debut,10
invite,10
aspiring,10
identify,10
productive,10
theartofthedeal,10
chrysler,10
1000000,10
periscope,10
leno,10
hostile,10
luv,10
surges,10
este,10
clare,10
acted,10
proposal,10
trillions,10
proposed,10
pat,10
brexit,10
smith,10
wondering,10
embassies,10
existing,10
anticipated,10
employ,10
salmond,10
demos,10
inprimary,10
150,10
haha,10
fragile,10
marriage,10
resolve,10
ayrshire,10
warrior,10
surprising,10
priority,10
blown,10
airlines,10
misleading,10
goldman,10
madison,10
grant,10
lawsuits,10
picking,10
nuts,10
terminate,10
electricity,10
choked,10
admits,10
guestrooms,10
horrific,10
pundit,10
architectural,10
samsung,10
premieres,10
affected,10
arms,10
yay,10
champ,10
garden,10
barry,10
inaugural,10
exposed,10
757,10
unga,10
tallest,10
respectful,10
referring,10
supposed,10
byronyork,10
cheat,10
adviser,10
latinos,10
jewelry,10
arrogant,10
miamiherald,10
tours,10
warning,10
decade,10
persistence,10
prosperous,10
cnndebate,10
secrets,10
sometime,10
debatenight,10
hook,10
streaming,10
spain,10
fascinating,10
coldest,10
vaccines,10
iranians,10
stupidly,10
deny,10
desk,10
pensacola,10
massachusetts,10
suggest,10
reminds,9
glass,9
memory,9
borrow,9
babe,9
palin,9
bain,9
giulianarancic,9
29,9
44,9
10am,9
53,9
64,9
5b,9
92,9
8c,9
melrivers,9
10000,9
woods,9
victories,9
backbone,9
theapprentice9,9
irish,9
huma,9
peterose_14,9
foot,9
11th,9
tears,9
nhpolitics,9
ht,9
lisalampanelli,9
pc,9
adore,9
discussion,9
sophisticated,9
crippledamerica,9
shocked,9
regulation,9
amateur,9
liars,9
denver,9
realitytvbliss,9
married,9
scene,9
raises,9
jacksonville,9
surprises,9
athlete,9
expanded,9
sachs,9
proving,9
lousy,9
paula,9
apartment,9
dose,9
david_cameron,9
swamp,9
revolution,9
practice,9
moderator,9
anderson,9
senatemajldr,9
blessings,9
knight276,9
conde,9
kinda,9
follower,9
followed,9
pgachampionship,9
payer,9
mayweather,9
tillerson,9
villa,9
kills,9
scheduled,9
madness,9
fracking,9
jdickerson,9
decline,9
infected,9
favors,9
moon,9
anytime,9
guests,9
deadspin,9
avoid,9
constant,9
require,9
ordered,9
friendly,9
creates,9
outlets,9
complaints,9
inner,9
donor,9
unfit,9
impeccable,9
accountability,9
reasonable,9
generations,9
obsolete,9
dopes,9
freeourmarine,9
executives,9
tied,9
entrepreneurial,9
residences,9
15000,9
abc2020,9
carrying,9
dealings,9
independence,9
finding,9
doors,9
leeza,9
peaceful,9
sebelius,9
cbnnews,9
predict,9
outrageous,9
phrase,9
offered,9
mitchellvii,9
gentleman,9
kravis,9
positively,9
impress,9
possibility,9
destroys,9
newyorkobserver,9
equal,9
espionage,9
dwight,9
knockout,9
vaccinations,9
profits,9
predictions,9
imwithyouhttps,9
aristotle,9
timtebow,9
rocks,9
extratv,9
redstate,9
camera,9
dominating,9
devastating,9
donated,9
successes,9
foxnation,9
rarely,9
desire,9
irma,9
longest,9
sticking,9
programs,9
alaska,9
als,9
volunteer,9
outsider,9
nast,9
bed,9
explained,9
govmikehuckabee,9
destined,9
speakerryan,9
root,9
savings,9
del,9
vineyard,9
sethmeyers,9
stream,9
drilling,9
separates,9
estates,9
businessmen,9
trumpvancouver,9
epa,9
era,9
undertake,9
fav,9
vladimir,9
trumpto,9
rocket,9
gen,9
rivera,9
welcoming,9
replay,9
persistent,9
extra,9
crook,9
measure,9
courageous,9
disease,9
lazy,9
consistent,9
dealt,9
pool,9
aggressive,9
clewandowski_,9
olivia,9
turkey,9
pretending,9
demanding,9
remaining,9
dismal,9
compliments,9
waldo,9
repubs,9
lesm,9
admitting,9
lil,9
warrencasselljr,9
emergency,9
greece,9
associated,9
holds,9
perfection,9
aboard,9
referred,9
encourage,9
builds,9
warfare,9
giant,9
link,9
hearts,9
unprecedented,9
schultz,9
pol,9
videos,9
smile,9
democracy,9
operation,9
jets,9
alan,9
ron,9
roy,9
unnecessary,9
disasters,9
lancearmstrong,9
pgatour,9
dallasmavs,9
feature,9
sake,9
standards,9
opposition,9
blood,9
patrick,9
imploding,9
landexpo,9
constitutional,9
deplorables,9
exposing,9
clint,9
thedonald,9
cuba,9
yuan,9
wont,9
israeli,9
inspires,9
laughed,9
justin,9
frisk,9
nebraska,9
talents,9
brussels,9
sept,9
5000,9
obstruction,9
dumber,9
subjects,9
vetting,9
presentation,9
jimlibertarian,9
resorts,9
newsweek,9
nervous,9
jodi,9
nancy,9
italy,9
belongs,9
apologizing,9
filibuster,9
builder,9
rosannascotto,9
billrancic,9
sacrifice,9
bucket,9
wwii,9
feet,9
handsome,9
fest,9
behavior,9
honolulu,9
capitalism,9
flake,9
jerusalem,9
emerson,9
columbus,9
damac,9
incorrectly,9
talismanjohnnya,9
pittsburgh,9
asset,9
economically,9
aircraft,9
trumpnationalny,9
howardkurtz,9
friendship,9
correctly,9
remembering,9
iraqi,9
peninsula,9
update,9
definition,9
offended,9
uranium,9
reelection,9
wilson,9
protests,9
dean,9
killers,9
thankful,9
animals,9
screwed,9
carried,9
salary,8
x,8
suffered,8
kristen,8
creation,8
straw,8
relax,8
bail,8
travesty,8
ellen,8
37,8
47,8
uninsured,8
tread,8
57,8
65,8
99,8
steinbrenner,8
zuker,8
10th,8
deepest,8
strongest,8
represented,8
pattinson,8
trophy,8
horror,8
billkristol,8
window,8
sites,8
id,8
ma,8
communication,8
te,8
tn,8
tx,8
purchased,8
wi,8
european,8
gasoline,8
sneak,8
restoring,8
surging,8
performing,8
apologies,8
fiction,8
beck,8
rizz_lizz,8
jegr6jsq5j,8
cronies,8
reply,8
household,8
charitable,8
critic,8
culture,8
fewer,8
tricks,8
strikes,8
randpaul,8
veryodddog,8
goldberg,8
thedailyshow,8
berniesanders,8
fuel,8
robbing,8
saudis,8
particular,8
usually,8
formidable,8
ultimately,8
saeed,8
senjohnmccain,8
sweat,8
bushes,8
hidden,8
determined,8
prevail,8
teachers,8
index,8
bestbergerever,8
praised,8
dealmaker,8
scenes,8
remove,8
arsenioofficial,8
crimea,8
golfweekmag,8
newday,8
aplemonlemon,8
eastwood,8
commerce,8
authorities,8
ncgopcon,8
belichick,8
uncle,8
leezeldin,8
kicking,8
montana,8
fighter,8
yankee,8
terrellowens,8
range,8
deannaspillyard,8
serenawilliams,8
patients,8
projected,8
eligible,8
topped,8
competent,8
struck,8
owns,8
violation,8
patriotic,8
replaced,8
mentions,8
ericleebow,8
includes,8
insult,8
addressing,8
explode,8
islamists,8
natashaownfan,8
declared,8
penalties,8
superb,8
coastline,8
flynn,8
predicting,8
whitestone,8
reserve,8
proclamation,8
changer,8
luckier,8
german,8
thug,8
bump,8
twist,8
georgewill,8
richard,8
zones,8
garyplayer,8
awkward,8
eminent,8
factories,8
windy,8
application,8
estimates,8
reps,8
customer,8
complex,8
payments,8
regular,8
execs,8
michellemalkin,8
hater,8
breathtaking,8
meant,8
domain,8
presidenttrump,8
richer,8
movies,8
ourselves,8
surrender,8
yankeerunnerlv,8
tone,8
anchor,8
mandate,8
necessarily,8
shine,8
erinburnett,8
innovative,8
transcript,8
warmest,8
wastes,8
disclosure,8
facility,8
huckabee,8
hurry,8
diego,8
material,8
jewel,8
telecast,8
venezuela,8
happiness,8
recorded,8
asp,8
wollman,8
exercise,8
usopen,8
susan,8
perduesenate,8
afghan,8
ripped,8
danaperino,8
jamie,8
cap,8
costing,8
rory,8
criticizing,8
shout,8
kerrygold1914,8
edward,8
cedar,8
sealed,8
eat,8
pollster,8
puppyslug,8
hardly,8
endeavor,8
submit,8
bomber,8
criticize,8
carlos,8
settlement,8
jared,8
gay,8
type,8
gem,8
station,8
emmy,8
bruce,8
discredited,8
franchise,8
jg50w3rcnn,8
tpgraf82,8
limits,8
wars,8
lowering,8
woofeous,8
attendance,8
hrs,8
although,8
impression,8
jason,8
worthless,8
weeklyaddress,8
mcmahon,8
persuasion,8
webb,8
successfully,8
handling,8
hilarious,8
walls,8
employee,8
playoffs,8
gratitude,8
touched,8
importance,8
proudly,8
karen,8
claimed,8
mon,8
flunky,8
clubhouse,8
nba,8
employment,8
expectations,8
solved,8
houses,8
threaten,8
hottest,8
actor,8
eventually,8
katie,8
claim,8
obsessed,8
nationwide,8
ditka,8
downgraded,8
note,8
protected,8
lion,8
wing,8
pan,8
enormous,8
7pme,8
renovated,8
mostly,8
eonline,8
clients,8
agents,8
drove,8
experienced,8
plants,8
charleston,8
damages,8
truman,8
rex,8
cavuto,8
campaigned,8
rio,8
row,8
caring,8
hosts,8
warriors,8
assignment,8
serving,8
threatened,8
adults,8
warrenbuffett,8
category,8
sand,8
gained,8
tmz,8
podium,8
bombing,8
donating,8
finds,8
waited,8
deadline,8
ups,8
invited,8
votetrumpsc,8
michaels,8
workforce,8
zuckerman,8
rketeltas,8
monitoring,8
sterling,8
hilton,8
fields,8
choker,8
finder,8
accomplishment,8
seal,8
secy,8
nightmare,8
rejected,8
treats,8
entitled,8
bbcnews,8
sharkgregnorman,8
brandenroderick,8
chaos,8
bully,8
ignored,8
5pm,8
fires,8
trusted,8
caucusfortrump,8
genuine,8
6th,8
visionary,8
grill,8
diplomatic,8
comfort,8
century,8
reads,8
granite,8
pierpaolomonni,8
thefix,8
prayer,8
ballroom,8
johnkasich,8
enterprise,8
capitol,8
exhausted,8
skin,8
midastouch,8
throwing,8
schwarzenegger,8
2014_vince,8
google,8
science,8
moreland,8
usga,8
puertorico,8
ribbon,8
epidemic,8
dana,8
cases,8
capacity,8
victim,8
gross,8
managing,8
capability,8
57th,8
fabricated,8
seals,8
immediate,8
sons,8
delaware,8
scientists,8
credible,8
partners,8
waynedupreeshow,8
slaughter,8
medicaid,8
flew,8
delegation,8
informative,7
circumstances,7
marketing,7
torture,7
gracious,7
journey,7
concerns,7
bald,7
26,7
34,7
1t,7
2m,7
seeks,7
3m,7
52,7
59,7
speed,7
trend,7
math,7
jonkarl,7
awaiting,7
investors,7
woody,7
springfield,7
triumph,7
arriving,7
embarrassing,7
abedini,7
sunk,7
diet,7
partner,7
ii,7
mi,7
fucking,7
franklin_graham,7
suspect,7
4kmiddlebrook,7
updates,7
trumprink,7
tickbt5xnh,7
shameful,7
snowing,7
competitors,7
redskins,7
brithume,7
spinning,7
charged,7
insecure,7
silver,7
universal,7
individuals,7
largely,7
reset,7
karentalk,7
mommy,7
teleprompter,7
entered,7
skating,7
developer,7
outrage,7
falls,7
durst,7
david_bossie,7
oregon,7
dynamic,7
phyllis,7
technology,7
blocked,7
reminded,7
manage,7
richlowry,7
mile,7
profiling,7
doug,7
habit,7
title,7
louis,7
flood,7
boost,7
makeamericagreatagainhttps,7
18th,7
believer,7
driver,7
driven,7
newtown,7
understood,7
ignorance,7
color,7
colin,7
samcgirl,7
equity,7
personality,7
draw,7
strategic,7
ensure,7
praises,7
wolfblitzer,7
manning,7
engaged,7
zogby,7
suspend,7
represents,7
meddling,7
bible,7
surplus,7
mocking,7
organizer,7
magatickets,7
answering,7
mainstream,7
anvtczqfoq,7
tall,7
sharylattkisson,7
dloesch,7
dependent,7
causes,7
finger,7
shouldtrumprun,7
30000,7
tourists,7
energized,7
hussein,7
visa,7
mcquaid,7
tonite,7
jeffjlpa1,7
matthews,7
carrillo_pete,7
wreck,7
motivate,7
comedian,7
opposes,7
kwrcrow,7
increasing,7
murdered,7
exists,7
tx_shaun,7
airplane,7
bravo,7
fazio,7
shall,7
nyprimary,7
guarantee,7
priorities,7
donna,7
rumor,7
poland,7
advisors,7
belief,7
election2016,7
vattenfall,7
zucker,7
suite,7
offense,7
burn,7
welovethedonald,7
predictable,7
naghmehabedini,7
yorkers,7
inaccurately,7
winds,7
billionaires,7
mister,7
harsh,7
soaring,7
donaldtrump2016,7
sheer,7
sheep,7
merger,7
watergate,7
debbie,7
4000,7
jinping,7
lauderdale,7
fraction,7
votetrumppence16,7
traveler,7
pack,7
tyson,7
broadcasting,7
breath,7
enrollment,7
crane,7
ungrateful,7
humor,7
unreliable,7
rice,7
islamist,7
francisco,7
documents,7
struggling,7
25000,7
employers,7
upstate,7
mileycyrus,7
itsryanhilton,7
rhode,7
allows,7
crowned,7
oblivion,7
affairs,7
dignity,7
humble,7
manner,7
accountable,7
civilization,7
pakistan,7
sailors,7
maxinerunner,7
2018,7
iron,7
extraordinary,7
ignorant,7
schlafly,7
mondays,7
aim,7
ain,7
aka,7
rockinjoe1,7
carl,7
awake,7
canceled,7
practices,7
icebucketchallenge,7
surface,7
drawn,7
socialist,7
blumenthal,7
substantially,7
nicely,7
cdc,7
entering,7
readers,7
empty,7
wacky,7
multiple,7
glenfiddich,7
cuz,7
domestic,7
lifestyle,7
wacko,7
algemeiner,7
heavily,7
shoes,7
seasons,7
toughest,7
trading,7
formula,7
reward,7
rockefeller,7
cell,7
memories,7
walters,7
placed,7
billclinton,7
locker,7
thatcher,7
obamacarefail,7
25th,7
analyst,7
statedept,7
cyber,7
wapo,7
team_mitch,7
alike,7
governorperry,7
eight,7
ruin,7
nailed,7
specialreport,7
norfolk,7
hmunjal,7
testing,7
nite,7
golfers,7
levin,7
leaking,7
watches,7
joy,7
tump2016,7
strengthen,7
reacts,7
joniernst,7
narrative,7
outsourcing,7
pilot,7
expose,7
walter,7
homes,7
merit,7
remembered,7
nationally,7
greenville,7
launched,7
surged,7
touches,7
comedy,7
eliminate,7
recieved,7
andreatantaros,7
wakeupamerica,7
mvp,7
greens,7
golfing,7
reaching,7
drone,7
strive,7
consideration,7
search,7
image,7
katyperry,7
william,7
obnoxious,7
cowards,7
contractors,7
pump,7
euro,7
thomasaroberts,7
ows,7
commodity,7
airs,7
formerly,7
ppp,7
operative,7
confused,7
greats,7
phoney,7
setback,7
rough,7
jeep,7
hopes,7
laughs,7
aspect,7
jerk,7
000,7
relations,7
sequester,7
proved,7
useless,7
103,7
unreal,7
maker,7
16t,7
17t,7
files,7
hang,7
spiral,7
til,7
provides,7
traveling,7
horizons,7
mumbai,7
blows,7
stays,7
sixteen,7
verizon,7
abcpolitics,7
complicated,7
usnavy,7
stake,7
nunn,7
curb,7
happier,7
residential,7
votetrumpnh,7
uswomensopen,7
turnout,7
ernie,7
bluemonster,7
elegant,7
gotmyvote,7
achievements,7
bpolitics,7
issued,7
web,7
topic,7
favorability,7
inevitable,7
joins,7
deeply,7
inefficient,7
sets,7
dominate,7
600,7
chapo,7
boehner,7
tennis,7
banned,7
steps,7
falsely,7
tripadvisor,7
arsenio,7
happily,7
handed,7
pizza,7
penny,7
minded,7
accurately,7
salute,7
costume,7
plaza,7
apec2017,7
hike,7
dumping,7
prestigious,7
surgery,7
traffic,7
naming,7
checked,7
congratulate,7
emilymiller,7
adding,7
melbourne,7
backstage,7
incredibly,7
destructive,7
command,7
hungry,7
slam,7
republic,7
originally,7
seankesser,7
risks,7
user,7
kieranlalor,7
delegate,7
follows,7
seniors,7
prestige,7
dave,7
ovations,7
analysis,7
faces,7
producing,7
scprimary,7
rspbscotland,7
panels,7
juan,7
grows,7
jude,7
grown,7
trans,7
session,7
sony,7
hood,7
sort,7
usnewstravel,7
chrischristie,7
joanrivers,7
implemented,7
seldom,7
complain,7
liking,7
clapper,7
relevant,7
horribly,7
conditions,7
eastonwestwood,7
cologne,7
compassionate,6
flip,6
100k,6
amandatmiller,6
teresa,6
genes,6
obstacles,6
lateshow,6
nascar,6
keynoting,6
pumped,6
kindness,6
curse,6
neilturner_,6
06,6
2b,6
54,6
75,6
7c,6
incentive,6
fairness,6
1237,6
flies,6
races,6
supportive,6
martha,6
museum,6
huff,6
occupy,6
rodman,6
dick,6
gopconvention,6
b4,6
extend,6
ga,6
dime,6
mo,6
governorpataki,6
protesting,6
yd,6
surrounded,6
religion,6
tapping,6
repeatedly,6
diverse,6
bend,6
reached,6
menu,6
repub,6
regardless,6
professor,6
reaction,6
kwp1fv0ey9,6
breakfast,6
drjamescabot,6
fleeing,6
providing,6
linked,6
trials,6
overtime,6
signage,6
hence,6
15th,6
prosecutor,6
arming,6
founder,6
outfrontcnn,6
declare,6
quest,6
figures,6
highlights,6
thejbrain,6
confront,6
magnet,6
fuck,6
reminder,6
justices,6
comparison,6
paul1994loan,6
controversial,6
residents,6
proclaims,6
cheated,6
dutchess,6
rhino848484,6
association,6
8pme,6
slate,6
vacationer,6
boone,6
households,6
katyturnbc,6
assistant,6
tuckercarlson,6
fronting,6
swear,6
johnny4arizona,6
chelsea,6
jsilva74366572,6
runoff,6
delivery,6
promising,6
rhetoric,6
sexter,6
investigated,6
empowering,6
puppy,6
bobbyjindal,6
malachinorris,6
commenting,6
nhprimary,6
quits,6
blip,6
gangs,6
toledo,6
disrespecting,6
favourite,6
khan,6
myiwkyfivu,6
degrees,6
morsi,6
thankyou,6
praising,6
wmur9,6
dude,6
mock,6
businessinsider,6
abroad,6
chiefs,6
bravolebrity1,6
dunn,6
officer,6
newest,6
giants,6
glorious,6
accounts,6
vine,6
kiss,6
misrepresents,6
fastest,6
eugene,6
facilities,6
gallupnews,6
syracuse,6
bluffs,6
motto,6
disrespectful,6
tycoon,6
racism,6
owed,6
assaults,6
grassroots,6
timeless,6
untrue,6
mariabartiromo,6
celebrated,6
wireless,6
thereval,6
murray,6
believing,6
margaret,6
overwhelming,6
gene70,6
inform,6
execute,6
thescotsman,6
registration,6
ethics,6
gzervs,6
temperament,6
maintain,6
katrinapierson,6
recovered,6
hurricanes,6
suicide,6
vatican,6
contribute,6
donny,6
formed,6
rape,6
salon,6
memorable,6
skyscraper,6
samuel,6
closet,6
ruled,6
precious,6
votetrumphttps,6
youre,6
sworn,6
koch,6
approach,6
resolute,6
sacrifices,6
consecutive,6
sleazy,6
sensitive,6
principles,6
accolades,6
habitual,6
evangelical,6
invasion,6
collect,6
williamgardanis,6
reed,6
reid,6
architecture,6
insider,6
somewhat,6
trained,6
beheading,6
400m,6
establish,6
laying,6
teaches,6
athletes,6
imus,6
studio,6
athletic,6
intro,6
handing,6
unilaterally,6
supplies,6
jesus,6
unprofessional,6
menswear,6
breast,6
shared,6
appear,6
appointed,6
speakerboehner,6
pathway,6
dakota,6
crossing,6
keatsben,6
caleb2207,6
helicopter,6
philly,6
counsel,6
didnt,6
6000000,6
schlonged,6
jcope,6
electing,6
duncan,6
chancellor,6
picasso,6
3zyiiyws87,6
primeministersx,6
bringbackourmarine,6
theodore,6
foley,6
surge,6
belittle,6
accord,6
trumpphillygm,6
dateline,6
deluxe,6
meets,6
valuable,6
frontrunner,6
theme,6
2009,6
iliveamongyou,6
2020,6
knocked,6
abandon,6
mansion,6
neverhillary,6
charleshurt,6
soars,6
essence,6
robbed,6
bombshell,6
abt,6
timepieces,6
agreeing,6
ali,6
nail,6
pledged,6
bag,6
chemical,6
tradition,6
switch,6
essentially,6
geniuses,6
btw,6
welch,6
emmanuelmacron,6
telemundo,6
fearless,6
makeamericasafeagain,6
lodgeatdoonbeg,6
anndromney,6
pine,6
cameras,6
priebus,6
hostage,6
respectfully,6
benefactor,6
wallet,6
bostonherald,6
dvr,6
damacofficial,6
convince,6
walking,6
250m,6
extortion,6
leakers,6
carlyfiorina,6
dishonesty,6
rolls,6
describe,6
grab,6
wealthy,6
clothing,6
trumped,6
newt,6
grew,6
greg,6
fat,6
feb,6
presented,6
realollietaylor,6
criticism,6
discipline,6
swearing,6
gee,6
factory,6
scottienhughes,6
panoramic,6
wasserman,6
heaven,6
unhappy,6
coolest,6
kiyosaki,6
lane,6
lame,6
refusing,6
condenastcorp,6
worship,6
hof,6
restored,6
blank,6
ayrshirechamber,6
prayformetoo,6
chriswerner1988,6
deesnider,6
dressed,6
nine,6
controls,6
senses,6
obstructionists,6
laughingstock,6
lockerbie,6
paterno,6
jfk,6
difficulty,6
booked,6
repweiner,6
drill,6
littlevd23,6
audit,6
addicted,6
ballots,6
chavez,6
passage,6
gabriel,6
holly,6
roniseale,6
erin,6
solar,6
computer,6
makedclisten,6
keksec_org,6
romneycare,6
sv6kas1e,6
blessed,6
senscottbrown,6
equipment,6
studying,6
cooked,6
karzai,6
allen,6
trumppence16https,6
optimist,6
nor,6
oan,6
headquarters,6
scarborough,6
hammer,6
carolde,6
teambrandi,6
noko,6
comm,6
albany,6
cook,6
magic,6
argentina,6
novi,6
journalism,6
broadway,6
gowdy,6
gilbert,6
guaranteed,6
burning,6
machines,6
alsicebucketchallenge,6
mediocrity,6
freed,6
thinker,6
apparently,6
qe3,6
valley,6
quo,6
cherish,6
agency,6
openings,6
team_trump45,6
warns,6
wintour,6
targeted,6
decimated,6
royal,6
rob,6
obstruct,6
temperatures,6
wilmington,6
andybran,6
sea,6
sig,6
satisfied,6
creator,6
101,6
yourefired,6
lauer,6
thr,6
huffpostpol,6
probe,6
mlauer,6
participate,6
anna,6
required,6
manti,6
drinking,6
canadians,6
transparent,6
surround,6
motivates,6
uss,6
concentrated,6
hughhewitt,6
cure,6
360,6
365,6
votetrumpnv,6
rushed,6
grave,6
scot,6
mariano,6
gravis,6
financing,6
parent,6
barron,6
heck,6
heed,6
lavar,6
pgaofamerica,6
usaatunga,6
daddy,6
volunteers,6
4pm,6
mason,6
basic,6
arod,6
chase,6
brutally,6
highs,6
multi,6
adams,6
wildlife,6
active,6
maria,6
asks,6
cheaper,6
miners,6
vincent,6
raleigh,6
jerryjrfalwell,6
marksimoneny,6
disappoint,6
acquire,6
challenging,6
7am,6
recession,6
substance,6
libyan,6
kingdom,6
campaigns,6
7th,6
corner,6
restrictions,6
confirm,6
taunting,6
justify,6
sight,6
sits,6
hikes,6
advised,6
gillespie,6
seeking,6
websites,6
feds,6
feed,6
lodge,6
golfdigest,6
rampant,6
damon,6
daytona,6
stores,6
crowdfunding,6
pages,6
inherited,6
kingsthings,6
acknowledging,6
eagle,6
thanking,6
culpo,6
vacations,6
essential,6
fighters,6
french,6
bushy,6
dale,6
busey,6
30am,6
boxing,6
beliefheals,6
americas,6
30th,6
reign,6
merchandise,6
defeating,6
afphq,6
windows,6
forming,6
subscribers,6
worldwide,6
katherine,6
pilots,6
trash,6
carrgaz,6
regis,6
span,6
spade,6
slogan,6
moments,6
clubs,6
billgates,6
engagement,6
billsmafia,6
abolish,6
pleasurable,6
excessive,6
the_open,6
scheme,6
ricardorossello,6
mental,6
steinle,6
eating,5
conrad,5
100m,5
conveniently,5
introduction,5
housegop,5
compare,5
taught,5
filmed,5
baldwin,5
drewmadeoff,5
01,5
09,5
meaning,5
ahmadinejad,5
48,5
62,5
67,5
84,5
85,5
staten,5
priceless,5
spell,5
visitors,5
understanding,5
toughness,5
kicks,5
herman,5
africans,5
thoroughly,5
chose,5
hugo,5
effectively,5
urban,5
davis,5
produced,5
producer,5
kraftywurker,5
unreported,5
ac,5
ct,5
eu,5
ew,5
gm,5
gw,5
ha,5
renew,5
gotrump,5
context,5
believable,5
ky,5
wooden,5
mn,5
mt,5
op,5
oppose,5
strengthening,5
ty,5
signings,5
um,5
emphasize,5
salesdan48,5
teresa_giudice,5
challenged,5
recognized,5
virgin,5
glenn,5
misery,5
internationally,5
ericshawnonfox,5
debating,5
toddinwichita,5
aluminum,5
updated,5
dossier,5
subsidies,5
beef,5
unmatched,5
andrewbreitbart,5
belt,5
lowlifes,5
pieces,5
nashua,5
chriscuomo,5
jumped,5
insights,5
persona,5
davidwohl,5
trumpforprez,5
fortunately,5
improvement,5
goodness,5
nielsen,5
situated,5
killings,5
bilateral,5
gravismarketing,5
defunding,5
gretchencarlson,5
hormuz,5
viewership,5
realdbp,5
guardian,5
cpac2013,5
consumers,5
burlington,5
lords,5
claiming,5
famer,5
drivers,5
crashed,5
testimony,5
usopengolf,5
resigned,5
floyd,5
premier,5
flops,5
misrepresent,5
whoever,5
aides,5
bike,5
casino,5
eminofficial,5
animal,5
stocks,5
defended,5
billoreilly,5
female,5
skyrocket,5
bored,5
moral,5
punished,5
loudobbsnews,5
uruguay,5
vescio,5
coating,5
allenwest,5
mystery,5
disabled,5
wineenthusiast,5
19th,5
mentally,5
designs,5
w0mdqpckx4,5
correspondents,5
fueled,5
bannon,5
chicagotribune,5
confirms,5
briarcliff,5
drip,5
variety,5
exxonmobil,5
giuliani,5
invitation,5
perform,5
bleeding,5
robust,5
spielberg,5
thinkbig,5
escape,5
sintianiej,5
bravery,5
questioning,5
organized,5
islands,5
arkansas,5
faithandfreedom,5
hearings,5
solving,5
blamed,5
blames,5
11sheila11,5
ruins,5
retail,5
sacred,5
boat,5
duke,5
outing,5
realsheriffjoe,5
floydmayweather,5
catham11,5
boot,5
participating,5
admired,5
participation,5
criticizes,5
admirer,5
mort,5
beautifully,5
hunters,5
bidding,5
waikiki,5
globe,5
striking,5
waterboarding,5
hubby,5
slaw116,5
racists,5
sassysexylove,5
benefiting,5
katieshow,5
utter,5
ranks,5
jamersonhayes,5
weeklystandard,5
sydney,5
activities,5
incident,5
competence,5
unethical,5
elsewhere,5
rupertmurdoch,5
bullies,5
bullied,5
ogreuasshole,5
drawing,5
frightening,5
scotsmandotcom,5
tattoo,5
sheriffclarke,5
heartfelt,5
notch,5
resignation,5
secretly,5
soundly,5
golf_com,5
tomnocera,5
cassidy,5
hamas,5
rare,5
diller,5
terry,5
bnauav,5
jailed,5
jefferson,5
subscription,5
manipulating,5
unions,5
securing,5
mmayer87,5
marleematlin,5
tyler,5
competitiveness,5
pinnacle,5
palestinian,5
lebron,5
sacrificed,5
gameanew,5
styles,5
powell,5
raving,5
samjabbo,5
buzz,5
tourist,5
vows,5
unify,5
abused,5
tangible,5
tubes,5
arias,5
bwilliams,5
trailer,5
accommodations,5
transform,5
samdoyle12,5
sands,5
humanitarian,5
graduate,5
chemistry,5
independents,5
distorted,5
billy,5
highlander6700,5
removed,5
63rd,5
golfswingshirt,5
doses,5
refs,5
blogger,5
babies,5
sassypantsjj,5
glamour,5
sensational,5
yourfired,5
mrinsaf,5
client,5
christopher,5
knees,5
jordanspieth,5
types,5
enforce,5
reserves,5
strategist,5
slowing,5
allenwronowski,5
distinguishes,5
pact,5
pace,5
pain,5
knicks,5
centre,5
ears,5
ricardo,5
inspecting,5
missteenusa,5
recognition,5
terribly,5
consistently,5
bravoandy,5
prosper,5
hostages,5
sharks,5
indianapolis,5
craig,5
weird,5
clare_oc,5
insist,5
punches,5
breakdown,5
crazymamaa,5
significance,5
dalasner,5
briefings,5
stimulating,5
specific,5
rino,5
cheers,5
dictionary,5
obamas,5
charlie,5
endlessly,5
conservation,5
robbreport,5
survey,5
investigate,5
vermont,5
crumbling,5
lowered,5
elites,5
sooooo,5
laraleatrump,5
coffee,5
began,5
peng,5
artist,5
permanent,5
imports,5
population,5
2001,5
mooovin_on,5
2007,5
2022,5
liyuan,5
richmond,5
professionals,5
array,5
jwil444,5
spoiler,5
commissions,5
caps,5
bentrolling,5
aptitude,5
display,5
rogue,5
database,5
moderators,5
depression,5
beg,5
tasks,5
finishing,5
legends,5
angel,5
esquire,5
offensive,5
mediocre,5
robb,5
dozen,5
vladimirrussia7,5
privately,5
cleaning,5
huffpost,5
chi,5
ncaa,5
gaming,5
kudos,5
cox,5
apparel,5
farmers,5
mahenjax8f,5
revoked,5
amercia,5
frivolous,5
barely,5
nicest,5
concentration,5
dee,5
falwell,5
maximum,5
unmasking,5
tuohy,5
doj,5
drones,5
taunt,5
worlds,5
bachmann,5
unqualified,5
michaelphelps,5
inviting,5
eli,5
3kwol20zmm,5
foxsports,5
mikebloomberg,5
kellyfile,5
shines,5
improving,5
taxed,5
algae,5
grid,5
strait,5
natalie,5
appeared,5
executed,5
issuing,5
realjameswoods,5
ron_fournier,5
colinswood,5
intent,5
civilians,5
unveils,5
heather,5
michmusm,5
ultra,5
wage,5
monstrosities,5
laurencristmann,5
environmentalists,5
00am,5
lara,5
wash,5
warn,5
wave,5
hes,5
grossly,5
delighted,5
htt,5
guam,5
dimon,5
rudy,5
intention,5
rude,5
iii,5
houstongunn,5
imo,5
unleash,5
fathers,5
ctobin22,5
hamilton,5
makeover,5
coppins,5
lewis,5
gentle,5
testify,5
prospects,5
9pme,5
stress,5
shortcakessheep,5
western,5
bailed,5
pauladuvall2,5
kay,5
kissangel864,5
audio,5
carpet,5
elegance,5
danabrams,5
travlandleisure,5
meanwhile,5
eleven,5
unparalleled,5
outlook,5
lay,5
condition,5
tmz_politics,5
pros,5
lou,5
crushing,5
wasteful,5
sparks,5
resident,5
mid,5
jamesokeefeiii,5
expecting,5
iraqis,5
jake,5
agencies,5
owentew,5
drops,5
crush,5
janeiro,5
cruise,5
dannyzucker,5
trumptoday,5
thunder,5
deduct,5
burden,5
brightest,5
rowanne,5
cnnmoney,5
peale,5
madame,5
lands,5
lifelong,5
briefing,5
coke,5
conceived,5
gosselin,5
minimum,5
emilyplacido,5
lisa,5
prstrong,5
concise,5
dhsgov,5
marthamaccallum,5
prize,5
uncomfortable,5
unstoppable,5
continually,5
sellout,5
one4eternity,5
bluejoni,5
cooper,5
thurs,5
soooo,5
commonly,5
planes,5
hardest,5
refugee,5
experiences,5
magazines,5
downside,5
wolfblitzercnn,5
owning,5
presedent,5
assistance,5
fortunemagazine,5
obstructionist,5
boonepickens,5
roanoke,5
raw,5
shaking,5
institute,5
mileswynn3,5
recklessly,5
exec,5
exit,5
winpropp,5
cred,5
curtis,5
expo,5
introduce,5
savior,5
matches,5
rowleyrhonda,5
igotangeleyes,5
nerve,5
resonate,5
sex,5
rewarded,5
nature,5
ames,5
110,5
116,5
sincerely,5
184,5
burnett,5
joycegoodman64,5
taj,5
ny_police,5
triple,5
salt,5
provided,5
hats,5
miketyson,5
haul,5
obligation,5
250,5
clips,5
downward,5
mattressserta,5
consult,5
pistorious,5
lectured,5
influential,5
indybuffalojim,5
applaud,5
warner,5
congresswoman,5
loeb,5
nuke,5
repealing,5
lakers,5
transformed,5
woodward,5
bother,5
wolf,5
bridges,5
crushed,5
lows,5
vip,5
achieved,5
kateslaw,5
2pm,5
careers,5
ananavarro,5
sarcasm,5
newyorkpost,5
patriotism,5
denial,5
hospitality,5
bethpage,5
colbertlateshow,5
wtc,5
jennifer,5
expansion,5
orleans,5
batteries,5
heel,5
thanked,5
separate,5
yahoo,5
helm,5
purposes,5
loyalty,5
equally,5
pursue,5
yea,5
efficient,5
airtime,5
eyeliner,5
pickens,5
exposes,5
grants,5
mario,5
marks,5
adorable,5
pellscuse11,5
jodil792,5
trump2016tickets,5
liabilities,5
ineptitude,5
homework,5
error,5
operations,5
thomtillis,5
malcolm,5
americafirsthttps,5
whitney,5
50th,5
elephants,5
helpful,5
cautious,5
pablo,5
bashing,5
auto,5
bunch,5
viable,5
acknowledge,5
defendingtheusa,5
silk,5
fourth,5
sink,5
virtue,5
jonas,5
backwards,5
mountain,5
chess,5
theellenshow,5
iamstevent,5
payment,5
inappropriate,5
conversations,5
cntraveler,5
feat,5
messages,5
murders,5
saddam,5
kpdelbridge,5
peggynoonannyc,5
3000,5
intense,5
baghdad,5
ginhay,5
subsidy,5
uscg,5
japanese,5
region,5
rasmussen,5
makers,5
dare,5
locations,5
despise,5
santorum,5
feelings,5
booming,5
stl_blonde,5
soar,5
wisely,5
americanowradio,5
transition,5
sooo,5
biloxi,5
soul,5
troubled,5
celebrations,5
nhgop,5
loudly,5
anonymous,5
unheard,5
pulled,5
smaller,5
odds,5
nathalies_29,5
twisting,5
spying,5
gambling,5
ryder,5
neighborhood,5
teamleeza,5
brainpower,5
greetings,5
transactions,5
commentator,5
miserably,5
brazil,5
migration,5
rightly,5
u25yi6aivg,5
flat,5
argument,5
hopeful,5
sioux,5
favorites,5
resume,4
nevadacaucus,4
sunset,4
z,4
adrian,4
allegations,4
skyrocketing,4
flow,4
blasio,4
govabbott,4
margins,4
pacificcommand,4
rapists,4
bayojay,4
sirtyro,4
carefully,4
choosing,4
jihadists,4
acceptance,4
dearly,4
maniac,4
nurse,4
pristine,4
strip,4
bestseller,4
stevedeaceshow,4
mall,4
male,4
stab,4
56,4
nhfreedomsummit,4
4b,4
4t,4
66,4
68,4
auction,4
bats,4
74,4
5t,4
77,4
2016election,4
6m,4
milton,4
bash,4
87,4
7b,4
93,4
97,4
contractor,4
pretends,4
existence,4
impersonator,4
stump,4
stunt,4
skyrocketed,4
tearing,4
spouses,4
loose,4
outbreak,4
donaldforpresident,4
trick,4
spies,4
greensboro,4
david360nc,4
tebow,4
comfortable,4
wandacarruthers,4
section,4
remark,4
panic,4
folk,4
takeover,4
bw,4
g7,4
fo,4
tease,4
pepsidaisy,4
nv,4
ps,4
pt,4
choke,4
magnate,4
calendar,4
teamwork,4
vt,4
preview,4
approving,4
stephenathome,4
persdevquotes,4
phase,4
jijassim,4
scoffed,4
jeangeorges,4
donnawr8,4
bday,4
virgil,4
ginsburg,4
thenewsclub_us,4
minlarrycornel,4
foreigners,4
oliviaculpo,4
suspended,4
discusses,4
swap,4
liability,4
brazile,4
interviewer,4
morally,4
begs,4
henderson,4
rwsurfergirl,4
wichita,4
fran,4
rollingstone,4
lookin,4
replacing,4
motors,4
trump_las_vegas,4
100th,4
stepping,4
staffers,4
amymek,4
newsstand,4
mrmet41,4
hoganseaisle129,4
remedy,4
youngstown,4
cnnsitroom,4
theeconomicclub,4
cohen,4
linflies,4
screaming,4
gladly,4
200000,4
edwardashton30,4
treatments,4
missiles,4
contain,4
busted,4
developed,4
ianjamespoulter,4
teddyschleifer,4
cpac2014,4
cpac2015,4
split,4
economist,4
sells,4
700000,4
litigation,4
wsoc_tv,4
njoh1234,4
feedback,4
parks,4
attendees,4
diplomacy,4
quiet,4
hacks,4
fierce,4
irony,4
noise,4
hdiallo,4
generous,4
equilibrium,4
1941,4
cronyism,4
jim_jordan,4
angela,4
angelo,4
glasses,4
1999,4
marino_joanna,4
realsonnynewman,4
mika,4
depending,4
outta,4
bite,4
division,4
lovely_laura21,4
pderztc1,4
pataki,4
leisure,4
melaniebatley,4
messing,4
gunned,4
chrisinspfld,4
jackwitty,4
reverend,4
terramarkov16,4
reliable,4
believed,4
chingaling3,4
sparkleawin,4
scott__marx,4
anthonyjmyers,4
pastors,4
decorated,4
nominations,4
maffucci93,4
eliminated,4
forgiveness,4
meltsch,4
amateurs,4
filmmaker,4
beheaded,4
lehman,4
conquer,4
battles,4
seniorpgachamp,4
deucecrew,4
handouts,4
vega,4
tournaments,4
katiepavlich,4
promoting,4
urging,4
melissa,4
contestant,4
exploratory,4
utmost,4
ruddy,4
overturn,4
getaway,4
renegotiate,4
dependency,4
vera,4
connected,4
scapesrus,4
presence,4
cnsnews,4
realjoemurray,4
lineup,4
botox,4
acceptable,4
ventures,4
prisoner,4
marilu,4
routine,4
2nite,4
median,4
bloggers,4
aacrowellt,4
hollyrpeete,4
standpoint,4
mosul,4
pussy,4
safer,4
politicalwire,4
joetorre,4
hunting,4
negotiates,4
appeals,4
branding,4
budgets,4
undecided,4
funniest,4
espngolf,4
protestors,4
convenient,4
appears,4
syrians,4
ibdeditorials,4
afrodeziak,4
hagan,4
otto,4
sheriff,4
uniform,4
holocaust,4
serial,4
accuracy,4
posted,4
duck,4
escaped,4
irresponsible,4
tacky,4
cowboys,4
buffet,4
hl3tweets,4
mount,4
noticed,4
vick,4
theories,4
dust,4
bone,4
percentage,4
lorenzolamas,4
organizations,4
trumpgolflinks,4
applause,4
smoothly,4
petition,4
strengthentheus,4
hfihperfgz,4
peachespulliam,4
salaries,4
marianorivera,4
icsc,4
therealtmac11,4
foresight,4
toying,4
alcohol,4
glory,4
rezko,4
wiseguy,4
akoya,4
therealzach49,4
seconds,4
rockprincess818,4
connect,4
rolemodel,4
pressed,4
indonesia,4
frankly,4
statewide,4
williamonlyrent,4
concern,4
300000,4
vickybrush,4
tear,4
ms13,4
scientist,4
tees,4
daughters,4
tele,4
kylekisskiss,4
amazingly,4
paulson,4
rasmussenpoll,4
century21,4
keychain,4
observer,4
dysfunctional,4
switching,4
saintanselm,4
rapid,4
layout,4
greenblatt,4
degenerate,4
snooze,4
projections,4
minnesota,4
stagnant,4
rounds,4
linda,4
collins,4
hudson,4
singer,4
gorsuch,4
declares,4
mugging,4
brava,4
megrahi,4
hammond,4
edwgillespie,4
gandolfini,4
abfalecbaldwin,4
bothered,4
lancebagley1,4
disciplined,4
rahm,4
gail,4
arrest,4
retirement,4
rain,4
cheflents,4
leibowitz,4
piersmorganlive,4
virus,4
accesshollywood,4
tarmac,4
geneva,4
relationships,4
rave,4
advertisers,4
peoplescompany,4
cosby,4
merkel,4
retribution,4
thin,4
ridiculously,4
timbowoods,4
costa,4
addressed,4
neilyoung,4
thus,4
timenout,4
garthdahdah,4
tgowdysc,4
unleashed,4
635m,4
mathematically,4
touring,4
horrifying,4
keith,4
beaches,4
slone,4
scotus,4
sleaze,4
sammartinobruno,4
overruns,4
extort,4
wears,4
binding,4
competing,4
gdny,4
superpac,4
theater,4
apologizes,4
intelligently,4
fusion,4
wor710,4
tattoos,4
gear,4
poles,4
darrell,4
koos32,4
bimbo,4
vulnerable,4
preach,4
boycottmacys,4
govwalker,4
rein,4
guidance,4
rent,4
humiliated,4
rely,4
marshall,4
lewandowski,4
highlight,4
rebeccagberg,4
reviewing,4
verdict,4
savehicno1,4
powers,4
attached,4
initiative,4
opioid,4
la_loquita,4
appoint,4
boasts,4
dislike,4
taiwan,4
rallying,4
ethabrooke,4
stkhlder3,4
weakest,4
yourselves,4
vaccinated,4
cahillforag,4
jindal,4
patti_page,4
briarcliffmanor,4
heilemann,4
robastorino,4
institutions,4
cancelling,4
tapped,4
traveled,4
pacs,4
laraleayunaska,4
beijing,4
parking,4
2timeslucky,4
complacent,4
advancing,4
economics,4
earn,4
inch,4
lookout,4
articles,4
appreciation,4
coaches,4
battleground,4
targets,4
chuckgrassley,4
ymctier,4
intl,4
mondale,4
thehermancain,4
unconstitutional,4
potusabroad,4
appointee,4
controversy,4
kingdommag,4
optimistic,4
votefortrump,4
intentions,4
bravotv,4
spirited,4
bvslbzta46,4
tapes,4
tons,4
torn,4
sdoocy,4
territory,4
shoulder,4
recount,4
riot,4
occasionally,4
simulcast,4
spanish,4
strasburg,4
roadhard,4
devastation,4
determine,4
paranormalfact,4
g20summit,4
darnell,4
joshmcelveen,4
johnnypaulcole,4
robin,4
maralago,4
borrowed,4
hopeless,4
ximenanr,4
peek,4
jeffredman5,4
italian,4
colombia,4
theft,4
trap,4
suffers,4
trey,4
acclaimed,4
tree,4
flooding,4
medvedevrussiae,4
trio,4
venture,4
trumpthinklikeachampion,4
passes,4
austin,4
v4sa,4
practically,4
teamsters,4
downs,4
laughter,4
scream,4
pentagon,4
pga_com,4
enjoyment,4
witnessed,4
socalmike_sd,4
gardibates,4
isnt,4
throwbackthursday,4
eggs,4
expense,4
bethandersonesq,4
unaffordable,4
cried,4
arm,4
crying,4
developers,4
wendywilliams,4
nasa,4
kneeling,4
submitted,4
digit,4
comprehensive,4
columnist,4
meenah83,4
downgrade,4
closest,4
bro,4
shooter,4
dealers,4
gallup,4
encourages,4
zwlykins,4
robs,4
robo,4
deciding,4
pollution,4
murdoch,4
21st,4
gosh,4
billmoyers,4
gotv,4
intellectual,4
thousand,4
renowned,4
ingredient,4
talkernewyorker,4
reducing,4
jackie,4
performed,4
def,4
ben_techpro,4
brown,4
mivct6zjek,4
weakening,4
doc,4
todays,4
dry,4
commit,4
pamking8628,4
ceasefire,4
controlling,4
freedoms,4
biggovt,4
2500,4
communist,4
brande,4
catastrophic,4
neck,4
logical,4
ugliest,4
shinzo,4
donaldtrumpforpresident,4
forty,4
cent,4
ofccadjust,4
forms,4
convocation,4
voices,4
lowell,4
furniture,4
thailand,4
burned,4
10ajmccarron,4
dominance,4
williebosshog,4
unveil,4
shrink,4
jheil,4
fla,4
hating,4
mariadomenique9,4
unpredictable,4
ploy,4
grades,4
willweatherford,4
mentality,4
author,4
license,4
somehow,4
unfunny,4
suggesting,4
cooling,4
sabotage,4
transformation,4
durangorick,4
espngolic,4
ehasselbeck,4
curious,4
regret,4
emin,4
blairkamin,4
reader,4
shocking,4
laid,4
walt,4
blewthebigone,4
extending,4
midtown,4
ward,4
weighs,4
secupp,4
marksteynonline,4
g0d_,4
governments,4
lawn,4
menie,4
lays,4
nt7zundgmv,4
steals,4
visits,4
chef,4
strict,4
fayetteville,4
blast,4
bundlers,4
teutul,4
fabrication,4
women4trump,4
gen_yvette,4
dineshdsouza,4
iamsloany,4
carl_c_icahn,4
conspiracy,4
idaho,4
inc,4
hoppmar,4
ins,4
founding,4
cartels,4
pushes,4
pose,4
ive,4
pour,4
acre,4
crocus,4
investigative,4
collapsing,4
robocall,4
greggutfeld,4
nominating,4
adds,4
administrations,4
plague,4
medicine,4
disadvantage,4
visionaries,4
samahdanash,4
lowlife,4
onesoldiersmom,4
nautilus916,4
weneedyou,4
pessimist,4
expressed,4
roots,4
shuts,4
recipe,4
ken,4
consulate,4
lending,4
leak,4
describing,4
legs,4
beliefs,4
implement,4
misrepresented,4
lend,4
ballistic,4
economists,4
maddow,4
demanded,4
surely,4
spencer,4
lib,4
prix,4
overall,4
aspects,4
prob,4
autumnandews08,4
worthy,4
katiecouric,4
mag,4
legally,4
golf_clubs,4
collude,4
mic,4
nicole,4
flexibility,4
ages,4
offset,4
invaded,4
francis,4
gfeorg,4
ichicagoscott,4
decreased,4
whats,4
reppaulryan,4
kluge,4
jane,4
pissed,4
jeffjeffsc777,4
decides,4
mosque,4
mayoral,4
attribute,4
whcd,4
ges2017,4
thecelebrityapprentice,4
overflow,4
stumbling,4
django,4
nyt,4
nys,4
communications,4
oipqsjt7fh,4
shanevanderhart,4
highlighting,4
legislative,4
legion,4
gabriela,4
untalented,4
opo,4
punk,4
honed,4
org,4
hunterboss1996,4
coup,4
marissamayer,4
lips,4
sinking,4
97musick,4
responded,4
uniforms,4
liub,4
tooooo,4
pen,4
oakland,4
bankrupting,4
tuning,4
pop,4
billcassidy,4
retired,4
pts,4
jeffzeleny,4
ossoff,4
unwilling,4
blocking,4
birther,4
brewer,4
billyhallowell,4
askthedonald,4
strictly,4
induction,4
backlash,4
richardbranson,4
selected,4
pleasant,4
jean,4
pascal,4
riggs_deb,4
sanford,4
monetary,4
rag,4
sorts,4
montgomeriefdn,4
unpopular,4
crew,4
outcome,4
lovusa4,4
jumping,4
lifeline,4
blitzer,4
alec,4
grace,4
agnesphagnes,4
neighbors,4
correctness,4
deedeegop,4
valentine,4
collected,4
reptommarino,4
autographed,4
jean_georgesnyc,4
lighthouse,4
sia,4
finalizes,4
operate,4
crystal,4
lmao,4
sod,4
priced,4
newyorkvalues,4
120,4
horse,4
requested,4
majors,4
kristinaoakes,4
140,4
istanbul,4
176,4
emotion,4
spectator,4
targeting,4
terminated,4
smooth,4
eawiii,4
texans,4
drunk,4
russiannavyblog,4
click,4
tho,4
aside,4
havn,4
erolyalim,4
newnonny,4
reclaim,4
regard,4
tortured,4
pardon,4
laura,4
212,4
20k,4
mckaycoppins,4
teamkevin,4
filling,4
idols,4
000hermansjr000,4
bltprimemiami,4
draintheswamphttps,4
dmartosko,4
speedy,4
shores,4
mypresidentme,4
subscribe,4
ufc,4
royschuhmacher,4
cuff,4
conviction,4
yuge,4
pressuring,4
latin,4
misskhan,4
yuma,4
logo,4
presidenttrump2016,4
borland_jim,4
pennybishop16,4
marbles,4
starved,4
peanuts,4
michele,4
extension,4
rogerjstonejr,4
thegrumpyhusky,4
tdudz5,4
locator,4
von,4
scum,4
slightly,4
penthouse,4
chriscjackson,4
7400,4
hotel_collection,4
farther,4
bigotry,4
griffin,4
feeds,4
misstcassidy,4
soccer,4
mocked,4
denied,4
sicko,4
naive,4
contrary,4
governors,4
equals,4
shirley,4
realestate,4
youxia88,4
remarkable,4
jaayzen,4
kalevans,4
props,4
druggie,4
ended,4
techniques,4
medals,4
introduced,4
yorker,4
genesimmons,4
downturn,4
635,4
abysmal,4
circuit,4
antonio_annesi,4
countryside,4
walmart,4
500k,4
deptvetaffairs,4
accident,4
colincowherd,4
pella,4
yep,4
blatant,4
chain,4
kmcs1957,4
careless,4
reflects,4
assembly,4
thrive,4
thoreau,4
yup,4
marie,4
ussarizona,4
ransom,4
radicals,4
787,4
colluded,4
concur,4
stevescalise,4
fade,4
congratulation,4
friedman,4
emanuel,4
salvage,4
czar,4
mickelson,4
gutted,4
monnin,4
neneleakes,4
retire,4
fave,4
educational,4
theeconomist,4
blessing,4
shaq,4
attn,4
nytdavidbrooks,4
annually,4
handel,4
surrogate,4
tegodreaux,4
rinos,4
007llisav,4
addiction,4
jeniferstevens,4
clout,4
900,4
gaining,4
kimmel,4
joey,4
related,4
unacceptable,4
gqforbes,4
blacks,4
nyrangers,4
gktsmo70jc,4
jong,4
playa,4
lobby,4
headlines,4
xovcybfo0p,4
punching,4
savesaeed,4
26000,4
arsenal,4
smxtty_,4
uw8lzesvrd,4
brooklyn,4
doping,4
kingjames,4
anticipation,4
footprint,4
stormed,4
numerologynow,4
leaker,4
maintenance,4
perfectly,4
crossroads,4
jasondovesq,4
painful,4
recruitment,4
blaming,4
robostop10,4
bjkizer74,4
trumproast,4
endless,4
forevermcin,4
jollygoodman181,4
foxesba,4
trustworthy,4
repeat,4
strongvoice,4
renaissance,4
recap,4
monicacrowley,4
feud,4
capture,4
craigdevlin,4
kylemccall4,4
floods,4
bertshad,4
evenings,4
upside,4
risen,4
respecting,4
capitalist,4
atmosphere,4
pgagrandslam,4
creators,4
ericnlin,4
eisenhower,4
secshulkin,4
allaboutthetea_,4
yardstick,4
amaze,4
arlington,4
ladies,4
joelosteen,4
halloween,4
groundbreaking,4
daca,4
mcilroyrory,4
fights,4
storms,4
towns,4
resolutions,4
proportions,4
asleep,4
herschel,4
narendramodi,4
zuckerberg,4
roaring,4
pandering,4
skipping,4
monmouth,4
darrenjjordan,4
jessica,4
offend,4
anaheim,4
yates,4
johnduthie1,4
graeme_mcdowell,4
terrified,4
soil,4
primarily,4
twitternyc,4
sole,4
monitor,4
corrected,4
hosp,4
hgswiney,4
fawning,4
contribution,4
12000,4
reduced,4
unpatriotic,4
chamber,4
fading,4
publisher,4
insisted,4
bunkers,4
maarten,4
qualities,4
overtake,4
tenacity,4
electronic,4
canned,4
responds,4
girardi,4
manipulated,4
succeeded,4
995mu,4
pockets,4
pipelines,4
spaces,4
factual,4
suicidal,4
jnorr11,4
manipulator,4
debbiegibson,4
regulatory,4
kdanielsk,4
cloverc8,4
goldwyn,4
viewed,4
convicted,4
theirs,4
durandsentinus,4
several,4
contagious,4
zell,4
paint,4
netflix,4
extended,4
crainschicago,4
qqxratlkpp,4
andretti,4
responses,4
hedge,4
taxing,4
arguments,4
